scenario,scenario_label,lat,lon,delta_wb2_median_mm_month,models_matching_median_sign,sign_agreement_fraction,sign_agreement_class
ssp126,SSP1-2.6,35.375,113.875,1.3249161066350528,5,0.8333333333333334,robust wetting (>=5/6)
ssp126,SSP1-2.6,35.375,114.125,1.3249161066350237,5,0.8333333333333334,robust wetting (>=5/6)
ssp126,SSP1-2.6,35.625,113.625,1.324916106635003,5,0.8333333333333334,robust wetting (>=5/6)
ssp126,SSP1-2.6,35.625,113.875,1.3249161066350474,5,0.8333333333333334,robust wetting (>=5/6)
ssp126,SSP1-2.6,35.625,114.125,1.324916106635044,5,0.8333333333333334,robust wetting (>=5/6)
ssp126,SSP1-2.6,35.625,114.375,1.5936678421154928,6,1.0,robust wetting (>=5/6)
ssp126,SSP1-2.6,35.875,113.625,0.5478124953685537,5,0.8333333333333334,robust wetting (>=5/6)
ssp126,SSP1-2.6,35.875,113.875,0.5478124953685519,5,0.8333333333333334,robust wetting (>=5/6)
ssp126,SSP1-2.6,35.875,114.125,0.5611299579730309,5,0.8333333333333334,robust wetting (>=5/6)
ssp126,SSP1-2.6,35.875,114.375,0.658154301029346,4,0.6666666666666666,mixed sign
ssp126,SSP1-2.6,35.875,114.625,0.9289315872132392,4,0.6666666666666666,mixed sign
ssp126,SSP1-2.6,35.875,115.125,0.9973901410414364,4,0.6666666666666666,mixed sign
ssp126,SSP1-2.6,36.125,113.125,-0.0104100568769354,3,0.5,mixed sign
ssp126,SSP1-2.6,36.125,113.375,-0.0046125434926089,3,0.5,mixed sign
ssp126,SSP1-2.6,36.125,113.625,-0.0046125434928203,3,0.5,mixed sign
ssp126,SSP1-2.6,36.125,113.875,0.0458401286806022,3,0.5,mixed sign
ssp126,SSP1-2.6,36.125,114.125,0.1299279142118923,3,0.5,mixed sign
ssp126,SSP1-2.6,36.125,114.375,0.4884354362650525,4,0.6666666666666666,mixed sign
ssp126,SSP1-2.6,36.125,114.625,0.8469429583187233,4,0.6666666666666666,mixed sign
ssp126,SSP1-2.6,36.125,114.875,0.8469429583186381,4,0.6666666666666666,mixed sign
ssp126,SSP1-2.6,36.125,115.125,0.8469429583186177,4,0.6666666666666666,mixed sign
ssp126,SSP1-2.6,36.125,115.375,1.052371856624804,5,0.8333333333333334,robust wetting (>=5/6)
ssp126,SSP1-2.6,36.125,115.625,1.0180856691135558,5,0.8333333333333334,robust wetting (>=5/6)
ssp126,SSP1-2.6,36.125,115.875,0.8278637241260736,5,0.8333333333333334,robust wetting (>=5/6)
ssp126,SSP1-2.6,36.375,112.625,-0.0568568209975115,4,0.6666666666666666,mixed sign
ssp126,SSP1-2.6,36.375,112.875,-0.0570146615729472,4,0.6666666666666666,mixed sign
ssp126,SSP1-2.6,36.375,113.125,-0.0757319439941026,4,0.6666666666666666,mixed sign
ssp126,SSP1-2.6,36.375,113.375,-0.0704079782516053,4,0.6666666666666666,mixed sign
ssp126,SSP1-2.6,36.375,113.625,-0.0710394052270606,4,0.6666666666666666,mixed sign
ssp126,SSP1-2.6,36.375,113.875,-0.0947463872488381,4,0.6666666666666666,mixed sign
ssp126,SSP1-2.6,36.375,114.125,-0.096403797172659,4,0.6666666666666666,mixed sign
ssp126,SSP1-2.6,36.375,114.375,0.2260570779898962,3,0.5,mixed sign
ssp126,SSP1-2.6,36.375,114.625,0.4313107040565089,3,0.5,mixed sign
ssp126,SSP1-2.6,36.375,114.875,0.4916812825432171,3,0.5,mixed sign
ssp126,SSP1-2.6,36.375,115.125,0.4941993701745613,3,0.5,mixed sign
ssp126,SSP1-2.6,36.375,115.375,0.962510237916292,4,0.6666666666666666,mixed sign
ssp126,SSP1-2.6,36.375,115.625,1.01808566911353,4,0.6666666666666666,mixed sign
ssp126,SSP1-2.6,36.375,115.875,0.8278637241259954,4,0.6666666666666666,mixed sign
ssp126,SSP1-2.6,36.375,116.125,0.8278637241260274,4,0.6666666666666666,mixed sign
ssp126,SSP1-2.6,36.625,112.875,-0.0677508813784877,4,0.6666666666666666,mixed sign
ssp126,SSP1-2.6,36.625,113.125,-0.086152476135588,4,0.6666666666666666,mixed sign
ssp126,SSP1-2.6,36.625,113.375,-0.0803549628425557,4,0.6666666666666666,mixed sign
ssp126,SSP1-2.6,36.625,113.625,-0.0803549628427218,4,0.6666666666666666,mixed sign
ssp126,SSP1-2.6,36.625,113.875,-0.0947463872489109,4,0.6666666666666666,mixed sign
ssp126,SSP1-2.6,36.625,114.125,-0.0964037971727478,4,0.6666666666666666,mixed sign
ssp126,SSP1-2.6,36.625,114.375,0.0556742409619932,3,0.5,mixed sign
ssp126,SSP1-2.6,36.625,114.625,-0.0715306454929898,3,0.5,mixed sign
ssp126,SSP1-2.6,36.625,114.875,-0.1704677807307471,4,0.6666666666666666,mixed sign
ssp126,SSP1-2.6,36.625,115.125,-0.1704677807307648,4,0.6666666666666666,mixed sign
ssp126,SSP1-2.6,36.625,115.375,0.2973394735312231,3,0.5,mixed sign
ssp126,SSP1-2.6,36.625,115.625,0.4059607537443979,3,0.5,mixed sign
ssp126,SSP1-2.6,36.625,115.875,0.2157388087570275,3,0.5,mixed sign
ssp126,SSP1-2.6,36.625,116.125,0.8278637241259021,4,0.6666666666666666,mixed sign
ssp126,SSP1-2.6,36.625,116.375,0.7260642557042223,4,0.6666666666666666,mixed sign
ssp126,SSP1-2.6,36.625,116.625,0.4206658668417802,4,0.6666666666666666,mixed sign
ssp126,SSP1-2.6,36.875,112.875,0.0704196607437257,3,0.5,mixed sign
ssp126,SSP1-2.6,36.875,113.125,-0.0105158554165729,3,0.5,mixed sign
ssp126,SSP1-2.6,36.875,113.375,-0.0113740965395505,3,0.5,mixed sign
ssp126,SSP1-2.6,36.875,113.625,-0.0115505693843509,3,0.5,mixed sign
ssp126,SSP1-2.6,36.875,113.875,-0.0155762254417304,3,0.5,mixed sign
ssp126,SSP1-2.6,36.875,114.125,-0.0154031180256097,3,0.5,mixed sign
ssp126,SSP1-2.6,36.875,114.375,0.0556742409619355,3,0.5,mixed sign
ssp126,SSP1-2.6,36.875,114.625,-0.0715306453544828,3,0.5,mixed sign
ssp126,SSP1-2.6,36.875,114.875,-0.1704677807307471,4,0.6666666666666666,mixed sign
ssp126,SSP1-2.6,36.875,115.125,-0.1704677807307204,4,0.6666666666666666,mixed sign
ssp126,SSP1-2.6,36.875,115.375,0.2795715537397694,3,0.5,mixed sign
ssp126,SSP1-2.6,36.875,115.625,0.1478346653567586,3,0.5,mixed sign
ssp126,SSP1-2.6,36.875,115.875,0.0176104961287713,3,0.5,mixed sign
ssp126,SSP1-2.6,36.875,116.125,0.6301588656481707,4,0.6666666666666666,mixed sign
ssp126,SSP1-2.6,36.875,116.375,0.528359396466219,4,0.6666666666666666,mixed sign
ssp126,SSP1-2.6,36.875,116.625,0.222537554213261,4,0.6666666666666666,mixed sign
ssp126,SSP1-2.6,36.875,116.875,0.3515529510310484,4,0.6666666666666666,mixed sign
ssp126,SSP1-2.6,37.125,112.875,0.0993679389493396,3,0.5,mixed sign
ssp126,SSP1-2.6,37.125,113.125,-0.0087236121580911,3,0.5,mixed sign
ssp126,SSP1-2.6,37.125,113.375,-0.0097177982420744,3,0.5,mixed sign
ssp126,SSP1-2.6,37.125,113.625,-0.0097177982420326,3,0.5,mixed sign
ssp126,SSP1-2.6,37.125,113.875,-0.0137840806098736,3,0.5,mixed sign
ssp126,SSP1-2.6,37.125,114.125,-0.0137840806099021,3,0.5,mixed sign
ssp126,SSP1-2.6,37.125,114.375,0.0236420506610306,3,0.5,mixed sign
ssp126,SSP1-2.6,37.125,114.625,-0.103492797788558,3,0.5,mixed sign
ssp126,SSP1-2.6,37.125,114.875,-0.2024299333036872,4,0.6666666666666666,mixed sign
ssp126,SSP1-2.6,37.125,115.125,-0.2024999710316581,4,0.6666666666666666,mixed sign
ssp126,SSP1-2.6,37.125,115.375,-0.0242270848737726,3,0.5,mixed sign
ssp126,SSP1-2.6,37.125,115.625,0.0363630479561418,3,0.5,mixed sign
ssp126,SSP1-2.6,37.125,115.875,0.0136350256840982,3,0.5,mixed sign
ssp126,SSP1-2.6,37.125,116.125,0.2088477556823322,4,0.6666666666666666,mixed sign
ssp126,SSP1-2.6,37.125,116.375,0.236313976398705,4,0.6666666666666666,mixed sign
ssp126,SSP1-2.6,37.125,116.625,0.321895654644825,4,0.6666666666666666,mixed sign
ssp126,SSP1-2.6,37.125,116.875,0.4537233419875619,4,0.6666666666666666,mixed sign
ssp126,SSP1-2.6,37.125,117.125,0.5857769657917471,4,0.6666666666666666,mixed sign
ssp126,SSP1-2.6,37.375,113.875,-0.0137840806099021,3,0.5,mixed sign
ssp126,SSP1-2.6,37.375,114.125,-0.0137840806098132,3,0.5,mixed sign
ssp126,SSP1-2.6,37.375,114.375,0.0223318553036637,3,0.5,mixed sign
ssp126,SSP1-2.6,37.375,114.625,-0.1048730307346117,3,0.5,mixed sign
ssp126,SSP1-2.6,37.375,114.875,-0.2038101663889957,4,0.6666666666666666,mixed sign
ssp126,SSP1-2.6,37.375,115.125,-0.2038101663890081,4,0.6666666666666666,mixed sign
ssp126,SSP1-2.6,37.375,115.375,-0.036914874155836,3,0.5,mixed sign
ssp126,SSP1-2.6,37.375,115.625,0.0187168945756521,3,0.5,mixed sign
ssp126,SSP1-2.6,37.375,115.875,0.0136350256841533,3,0.5,mixed sign
ssp126,SSP1-2.6,37.375,116.125,0.1912016023019651,4,0.6666666666666666,mixed sign
ssp126,SSP1-2.6,37.375,116.375,0.2249317341113492,4,0.6666666666666666,mixed sign
ssp126,SSP1-2.6,37.375,116.625,0.3261221210744631,4,0.6666666666666666,mixed sign
ssp126,SSP1-2.6,37.375,116.875,0.4581757448788988,4,0.6666666666666666,mixed sign
ssp126,SSP1-2.6,37.375,117.125,0.5902293686830413,4,0.6666666666666666,mixed sign
ssp126,SSP1-2.6,37.375,117.375,0.5902293686831843,4,0.6666666666666666,mixed sign
ssp126,SSP1-2.6,37.375,117.625,0.2380693408436673,3,0.5,mixed sign
ssp126,SSP1-2.6,37.375,117.875,0.2380693408435203,3,0.5,mixed sign
ssp126,SSP1-2.6,37.625,113.875,-0.0593799665942027,3,0.5,mixed sign
ssp126,SSP1-2.6,37.625,114.125,-0.0673910215673654,3,0.5,mixed sign
ssp126,SSP1-2.6,37.625,114.375,0.0223318553037152,3,0.5,mixed sign
ssp126,SSP1-2.6,37.625,114.625,-0.104873030595054,3,0.5,mixed sign
ssp126,SSP1-2.6,37.625,114.875,-0.203810166388962,4,0.6666666666666666,mixed sign
ssp126,SSP1-2.6,37.625,115.125,-0.2038101663890099,4,0.6666666666666666,mixed sign
ssp126,SSP1-2.6,37.625,115.375,-0.0369148745743483,3,0.5,mixed sign
ssp126,SSP1-2.6,37.625,115.625,0.0187168945758093,3,0.5,mixed sign
ssp126,SSP1-2.6,37.625,115.875,-0.0147594014280185,3,0.5,mixed sign
ssp126,SSP1-2.6,37.625,116.125,0.1630917620999348,4,0.6666666666666666,mixed sign
ssp126,SSP1-2.6,37.625,116.375,0.1968218941630137,4,0.6666666666666666,mixed sign
ssp126,SSP1-2.6,37.625,116.625,0.2977276939624689,4,0.6666666666666666,mixed sign
ssp126,SSP1-2.6,37.625,116.875,0.428415419850717,4,0.6666666666666666,mixed sign
ssp126,SSP1-2.6,37.625,117.125,0.1587947069511841,3,0.5,mixed sign
ssp126,SSP1-2.6,37.625,117.375,0.1632840395689125,3,0.5,mixed sign
ssp126,SSP1-2.6,37.625,117.625,-0.188875988270559,4,0.6666666666666666,mixed sign
ssp126,SSP1-2.6,37.625,117.875,-0.1933653208882075,4,0.6666666666666666,mixed sign
ssp126,SSP1-2.6,37.625,118.125,-1.485001379263915,5,0.8333333333333334,robust drying (>=5/6)
ssp126,SSP1-2.6,37.875,113.875,0.0544186952645846,3,0.5,mixed sign
ssp126,SSP1-2.6,37.875,114.125,0.0456650734496841,3,0.5,mixed sign
ssp126,SSP1-2.6,37.875,114.375,0.0194020364962543,3,0.5,mixed sign
ssp126,SSP1-2.6,37.875,114.625,0.0148427607349903,3,0.5,mixed sign
ssp126,SSP1-2.6,37.875,114.875,0.0102590967067879,3,0.5,mixed sign
ssp126,SSP1-2.6,37.875,115.125,0.0094643026481628,3,0.5,mixed sign
ssp126,SSP1-2.6,37.875,115.375,0.1762006370357358,4,0.6666666666666666,mixed sign
ssp126,SSP1-2.6,37.875,115.625,0.1731939151284036,4,0.6666666666666666,mixed sign
ssp126,SSP1-2.6,37.875,115.875,0.056270428481981,3,0.5,mixed sign
ssp126,SSP1-2.6,37.875,116.125,0.0562704284819197,3,0.5,mixed sign
ssp126,SSP1-2.6,37.875,116.375,0.0900005607994307,3,0.5,mixed sign
ssp126,SSP1-2.6,37.875,116.625,0.1911909472544497,3,0.5,mixed sign
ssp126,SSP1-2.6,37.875,116.875,-0.0334835681367713,3,0.5,mixed sign
ssp126,SSP1-2.6,37.875,117.125,0.0940019443113193,3,0.5,mixed sign
ssp126,SSP1-2.6,37.875,117.375,0.0940019443113433,3,0.5,mixed sign
ssp126,SSP1-2.6,37.875,117.625,-1.6347516322554267,4,0.6666666666666666,mixed sign
ssp126,SSP1-2.6,37.875,117.875,-1.8740005952988776,4,0.6666666666666666,mixed sign
ssp126,SSP1-2.6,37.875,118.125,-4.471153872576197,5,0.8333333333333334,robust drying (>=5/6)
ssp126,SSP1-2.6,38.125,113.875,0.0676594813395272,3,0.5,mixed sign
ssp126,SSP1-2.6,38.125,114.125,0.0687139522746971,3,0.5,mixed sign
ssp126,SSP1-2.6,38.125,114.375,0.0713824908136571,3,0.5,mixed sign
ssp126,SSP1-2.6,38.125,114.625,0.1153512925790183,3,0.5,mixed sign
ssp126,SSP1-2.6,38.125,114.875,0.1205150935872358,3,0.5,mixed sign
ssp126,SSP1-2.6,38.125,115.125,0.1207525801014952,3,0.5,mixed sign
ssp126,SSP1-2.6,38.125,115.375,0.2364779156215064,4,0.6666666666666666,mixed sign
ssp126,SSP1-2.6,38.125,115.625,0.1581297883666748,4,0.6666666666666666,mixed sign
ssp126,SSP1-2.6,38.125,115.875,0.041240042986093,3,0.5,mixed sign
ssp126,SSP1-2.6,38.125,116.125,0.0412063017202504,3,0.5,mixed sign
ssp126,SSP1-2.6,38.125,116.375,0.0230613940131458,3,0.5,mixed sign
ssp126,SSP1-2.6,38.125,116.625,-0.0300700513095284,3,0.5,mixed sign
ssp126,SSP1-2.6,38.125,116.875,-0.1063081001643735,3,0.5,mixed sign
ssp126,SSP1-2.6,38.125,117.125,-0.1063081001644046,3,0.5,mixed sign
ssp126,SSP1-2.6,38.125,117.375,-0.1072965176648308,3,0.5,mixed sign
ssp126,SSP1-2.6,38.125,117.625,-1.6044162687603722,4,0.6666666666666666,mixed sign
ssp126,SSP1-2.6,38.125,117.875,-1.87400059529882,4,0.6666666666666666,mixed sign
ssp126,SSP1-2.6,38.375,112.875,0.2418005782142351,4,0.6666666666666666,mixed sign
ssp126,SSP1-2.6,38.375,113.375,0.10365811840144,3,0.5,mixed sign
ssp126,SSP1-2.6,38.375,113.625,0.1036581184014133,3,0.5,mixed sign
ssp126,SSP1-2.6,38.375,113.875,0.0837428663836963,3,0.5,mixed sign
ssp126,SSP1-2.6,38.375,114.125,0.0953797230737798,3,0.5,mixed sign
ssp126,SSP1-2.6,38.375,114.375,0.1302902888185197,3,0.5,mixed sign
ssp126,SSP1-2.6,38.375,114.625,0.1744965770493021,3,0.5,mixed sign
ssp126,SSP1-2.6,38.375,114.875,0.1796603781063934,3,0.5,mixed sign
ssp126,SSP1-2.6,38.375,115.125,0.1796603781063481,3,0.5,mixed sign
ssp126,SSP1-2.6,38.375,115.375,0.2386192184907738,4,0.6666666666666666,mixed sign
ssp126,SSP1-2.6,38.375,115.625,0.1413486810742528,4,0.6666666666666666,mixed sign
ssp126,SSP1-2.6,38.375,115.875,0.0244251944277453,3,0.5,mixed sign
ssp126,SSP1-2.6,38.375,116.125,0.0244251944277462,3,0.5,mixed sign
ssp126,SSP1-2.6,38.375,116.375,-0.0504920862621918,4,0.6666666666666666,mixed sign
ssp126,SSP1-2.6,38.375,116.625,-0.275243900483292,4,0.6666666666666666,mixed sign
ssp126,SSP1-2.6,38.375,116.875,-0.3524703668386411,4,0.6666666666666666,mixed sign
ssp126,SSP1-2.6,38.375,117.125,-0.352470366838602,4,0.6666666666666666,mixed sign
ssp126,SSP1-2.6,38.375,117.375,-0.3524703668385851,4,0.6666666666666666,mixed sign
ssp126,SSP1-2.6,38.375,117.625,-1.5707531348489208,4,0.6666666666666666,mixed sign
ssp126,SSP1-2.6,38.625,112.875,0.2418005782142458,4,0.6666666666666666,mixed sign
ssp126,SSP1-2.6,38.625,113.125,0.1112253707471779,3,0.5,mixed sign
ssp126,SSP1-2.6,38.625,113.375,0.1036581184014124,3,0.5,mixed sign
ssp126,SSP1-2.6,38.625,113.625,0.1036581184013947,3,0.5,mixed sign
ssp126,SSP1-2.6,38.625,113.875,0.083742866383667,3,0.5,mixed sign
ssp126,SSP1-2.6,38.625,114.125,0.09537972316219,3,0.5,mixed sign
ssp126,SSP1-2.6,38.625,114.375,0.1302902888184967,3,0.5,mixed sign
ssp126,SSP1-2.6,38.625,114.625,0.1744965770003874,3,0.5,mixed sign
ssp126,SSP1-2.6,38.625,114.875,0.2088792467383289,3,0.5,mixed sign
ssp126,SSP1-2.6,38.625,115.125,0.2088792467383307,3,0.5,mixed sign
ssp126,SSP1-2.6,38.625,115.375,0.2678380869735939,4,0.6666666666666666,mixed sign
ssp126,SSP1-2.6,38.625,115.625,0.2874910363526712,4,0.6666666666666666,mixed sign
ssp126,SSP1-2.6,38.625,115.875,-0.1637163274581778,3,0.5,mixed sign
ssp126,SSP1-2.6,38.625,116.125,-0.16053183225105,3,0.5,mixed sign
ssp126,SSP1-2.6,38.625,116.375,-0.2354491135095289,4,0.6666666666666666,mixed sign
ssp126,SSP1-2.6,38.625,116.625,-0.4633854223691998,4,0.6666666666666666,mixed sign
ssp126,SSP1-2.6,38.625,116.875,-0.3524703668385909,4,0.6666666666666666,mixed sign
ssp126,SSP1-2.6,38.625,117.125,-0.3524703668386015,5,0.8333333333333334,robust drying (>=5/6)
ssp126,SSP1-2.6,38.625,117.375,-0.35247036683861,5,0.8333333333333334,robust drying (>=5/6)
ssp126,SSP1-2.6,38.875,112.625,0.2418005782142467,5,0.8333333333333334,robust wetting (>=5/6)
ssp126,SSP1-2.6,38.875,112.875,0.241800578214189,5,0.8333333333333334,robust wetting (>=5/6)
ssp126,SSP1-2.6,38.875,113.125,0.111225371129473,3,0.5,mixed sign
ssp126,SSP1-2.6,38.875,113.375,0.1036581184014107,3,0.5,mixed sign
ssp126,SSP1-2.6,38.875,113.625,0.1036581184013964,3,0.5,mixed sign
ssp126,SSP1-2.6,38.875,113.875,0.0837428663836874,3,0.5,mixed sign
ssp126,SSP1-2.6,38.875,114.125,0.0953797232505877,3,0.5,mixed sign
ssp126,SSP1-2.6,38.875,114.375,0.1302902888184967,3,0.5,mixed sign
ssp126,SSP1-2.6,38.875,114.625,0.1744965769513662,3,0.5,mixed sign
ssp126,SSP1-2.6,38.875,114.875,0.2088792467383013,3,0.5,mixed sign
ssp126,SSP1-2.6,38.875,115.125,0.2088792467383546,3,0.5,mixed sign
ssp126,SSP1-2.6,38.875,115.375,0.2678380868241978,4,0.6666666666666666,mixed sign
ssp126,SSP1-2.6,38.875,115.625,0.2874910363527201,4,0.6666666666666666,mixed sign
ssp126,SSP1-2.6,38.875,115.875,-0.2539713637532834,3,0.5,mixed sign
ssp126,SSP1-2.6,38.875,116.125,-0.2539713637532816,3,0.5,mixed sign
ssp126,SSP1-2.6,38.875,116.375,-0.3288886455813422,4,0.6666666666666666,mixed sign
ssp126,SSP1-2.6,38.875,116.625,-0.5284941924280728,4,0.6666666666666666,mixed sign
ssp126,SSP1-2.6,38.875,116.875,-0.35247036683861,4,0.6666666666666666,mixed sign
ssp126,SSP1-2.6,38.875,117.125,-0.6086974827893439,5,0.8333333333333334,robust drying (>=5/6)
ssp126,SSP1-2.6,38.875,117.375,-0.608697482789335,5,0.8333333333333334,robust drying (>=5/6)
ssp126,SSP1-2.6,39.125,112.625,0.1986447331639533,5,0.8333333333333334,robust wetting (>=5/6)
ssp126,SSP1-2.6,39.125,112.875,0.1977770929794329,5,0.8333333333333334,robust wetting (>=5/6)
ssp126,SSP1-2.6,39.125,113.125,0.0766621008641523,3,0.5,mixed sign
ssp126,SSP1-2.6,39.125,113.375,0.0964795130573037,3,0.5,mixed sign
ssp126,SSP1-2.6,39.125,113.625,0.0960805065722647,3,0.5,mixed sign
ssp126,SSP1-2.6,39.125,113.875,0.0959270453868335,3,0.5,mixed sign
ssp126,SSP1-2.6,39.125,114.125,0.1076559788638462,3,0.5,mixed sign
ssp126,SSP1-2.6,39.125,114.375,0.14290416312702,3,0.5,mixed sign
ssp126,SSP1-2.6,39.125,114.625,0.192178724909473,3,0.5,mixed sign
ssp126,SSP1-2.6,39.125,114.875,0.2295383652656468,3,0.5,mixed sign
ssp126,SSP1-2.6,39.125,115.125,0.2290334533361822,3,0.5,mixed sign
ssp126,SSP1-2.6,39.125,115.375,0.2878913121355362,4,0.6666666666666666,mixed sign
ssp126,SSP1-2.6,39.125,115.625,0.3078472064733164,4,0.6666666666666666,mixed sign
ssp126,SSP1-2.6,39.125,115.875,-0.2211598927219427,3,0.5,mixed sign
ssp126,SSP1-2.6,39.125,116.125,-0.2208836815100974,3,0.5,mixed sign
ssp126,SSP1-2.6,39.125,116.375,-0.2954242922442751,4,0.6666666666666666,mixed sign
ssp126,SSP1-2.6,39.125,116.625,-0.5028273661397822,4,0.6666666666666666,mixed sign
ssp126,SSP1-2.6,39.125,116.875,-0.3842243106015794,4,0.6666666666666666,mixed sign
ssp126,SSP1-2.6,39.125,117.125,-0.6086974827893012,5,0.8333333333333334,robust drying (>=5/6)
ssp126,SSP1-2.6,39.125,117.375,-0.6086974827893483,5,0.8333333333333334,robust drying (>=5/6)
ssp126,SSP1-2.6,39.125,117.625,-1.8269802415369172,5,0.8333333333333334,robust drying (>=5/6)
ssp126,SSP1-2.6,39.125,118.375,-2.503271574478198,5,0.8333333333333334,robust drying (>=5/6)
ssp126,SSP1-2.6,39.375,112.625,0.069975115363368,4,0.6666666666666666,mixed sign
ssp126,SSP1-2.6,39.375,112.875,0.0698625166407875,4,0.6666666666666666,mixed sign
ssp126,SSP1-2.6,39.375,113.125,-0.0411476813232458,3,0.5,mixed sign
ssp126,SSP1-2.6,39.375,113.375,0.4239690649959247,4,0.6666666666666666,mixed sign
ssp126,SSP1-2.6,39.375,113.625,0.423724858110881,4,0.6666666666666666,mixed sign
ssp126,SSP1-2.6,39.375,113.875,0.4239690649959122,4,0.6666666666666666,mixed sign
ssp126,SSP1-2.6,39.375,114.125,0.4073919005535771,4,0.6666666666666666,mixed sign
ssp126,SSP1-2.6,39.375,114.375,0.3555751061964791,4,0.6666666666666666,mixed sign
ssp126,SSP1-2.6,39.375,114.625,0.4412824302724347,4,0.6666666666666666,mixed sign
ssp126,SSP1-2.6,39.375,114.875,0.5081294216558483,4,0.6666666666666666,mixed sign
ssp126,SSP1-2.6,39.375,115.125,0.5083682258245741,4,0.6666666666666666,mixed sign
ssp126,SSP1-2.6,39.375,115.375,0.4530846094565008,4,0.6666666666666666,mixed sign
ssp126,SSP1-2.6,39.375,115.625,0.4346861253590353,4,0.6666666666666666,mixed sign
ssp126,SSP1-2.6,39.375,115.875,-0.2489634815231172,3,0.5,mixed sign
ssp126,SSP1-2.6,39.375,116.125,-0.2490090684444736,3,0.5,mixed sign
ssp126,SSP1-2.6,39.375,116.375,-0.2290679166314069,3,0.5,mixed sign
ssp126,SSP1-2.6,39.375,116.625,-0.1559252823576842,3,0.5,mixed sign
ssp126,SSP1-2.6,39.375,116.875,-0.1233826720111628,3,0.5,mixed sign
ssp126,SSP1-2.6,39.375,117.125,-0.5385656383505177,4,0.6666666666666666,mixed sign
ssp126,SSP1-2.6,39.375,117.375,-0.5385656383505515,4,0.6666666666666666,mixed sign
ssp126,SSP1-2.6,39.375,117.625,-0.5385656383504804,4,0.6666666666666666,mixed sign
ssp126,SSP1-2.6,39.375,117.875,-0.538565638350532,4,0.6666666666666666,mixed sign
ssp126,SSP1-2.6,39.375,118.125,-1.812039485939021,4,0.6666666666666666,mixed sign
ssp126,SSP1-2.6,39.375,118.375,-0.8087626557070258,4,0.6666666666666666,mixed sign
ssp126,SSP1-2.6,39.375,118.625,-0.8568058650372921,5,0.8333333333333334,robust drying (>=5/6)
ssp126,SSP1-2.6,39.375,118.875,-2.056183128202295,5,0.8333333333333334,robust drying (>=5/6)
ssp126,SSP1-2.6,39.375,119.125,-2.061480125649364,5,0.8333333333333334,robust drying (>=5/6)
ssp126,SSP1-2.6,39.625,112.625,0.6595946112647733,4,0.6666666666666666,mixed sign
ssp126,SSP1-2.6,39.625,112.875,0.6590636001078964,4,0.6666666666666666,mixed sign
ssp126,SSP1-2.6,39.625,113.125,-0.039577196606487,3,0.5,mixed sign
ssp126,SSP1-2.6,39.625,113.375,0.4268315834409977,4,0.6666666666666666,mixed sign
ssp126,SSP1-2.6,39.625,113.625,0.4268315834410003,4,0.6666666666666666,mixed sign
ssp126,SSP1-2.6,39.625,113.875,0.4268315834409932,4,0.6666666666666666,mixed sign
ssp126,SSP1-2.6,39.625,114.125,0.4093307201225702,4,0.6666666666666666,mixed sign
ssp126,SSP1-2.6,39.625,114.375,0.3568281393388535,4,0.6666666666666666,mixed sign
ssp126,SSP1-2.6,39.625,114.625,0.4427742674874633,4,0.6666666666666666,mixed sign
ssp126,SSP1-2.6,39.625,114.875,0.4768221750334183,4,0.6666666666666666,mixed sign
ssp126,SSP1-2.6,39.625,115.125,0.4768221750335,4,0.6666666666666666,mixed sign
ssp126,SSP1-2.6,39.625,115.375,0.4185002780419777,4,0.6666666666666666,mixed sign
ssp126,SSP1-2.6,39.625,115.625,0.3053495219047608,4,0.6666666666666666,mixed sign
ssp126,SSP1-2.6,39.625,115.875,0.214595834818474,4,0.6666666666666666,mixed sign
ssp126,SSP1-2.6,39.625,116.125,0.2154399981163273,4,0.6666666666666666,mixed sign
ssp126,SSP1-2.6,39.625,116.375,0.2363617823019899,4,0.6666666666666666,mixed sign
ssp126,SSP1-2.6,39.625,116.625,0.2982829605965014,4,0.6666666666666666,mixed sign
ssp126,SSP1-2.6,39.625,116.875,-0.1013477506255295,3,0.5,mixed sign
ssp126,SSP1-2.6,39.625,117.125,-0.2305186424094227,4,0.6666666666666666,mixed sign
ssp126,SSP1-2.6,39.625,117.375,-0.2315030033435559,4,0.6666666666666666,mixed sign
ssp126,SSP1-2.6,39.625,117.625,-0.2315030033435279,4,0.6666666666666666,mixed sign
ssp126,SSP1-2.6,39.625,117.875,-0.2305186424093606,4,0.6666666666666666,mixed sign
ssp126,SSP1-2.6,39.625,118.125,-0.9727557861348096,4,0.6666666666666666,mixed sign
ssp126,SSP1-2.6,39.625,118.375,-1.7295400008855346,4,0.6666666666666666,mixed sign
ssp126,SSP1-2.6,39.625,118.625,-1.7663992304194522,5,0.8333333333333334,robust drying (>=5/6)
ssp126,SSP1-2.6,39.625,118.875,-2.9588712862725908,5,0.8333333333333334,robust drying (>=5/6)
ssp126,SSP1-2.6,39.625,119.125,-2.949276150546,5,0.8333333333333334,robust drying (>=5/6)
ssp126,SSP1-2.6,39.875,112.875,0.577576621303038,4,0.6666666666666666,mixed sign
ssp126,SSP1-2.6,39.875,113.125,0.0205590891000335,3,0.5,mixed sign
ssp126,SSP1-2.6,39.875,113.375,0.4268315834409906,4,0.6666666666666666,mixed sign
ssp126,SSP1-2.6,39.875,113.625,0.4268315834409719,4,0.6666666666666666,mixed sign
ssp126,SSP1-2.6,39.875,113.875,0.4268315834410572,4,0.6666666666666666,mixed sign
ssp126,SSP1-2.6,39.875,114.125,0.4093307199886054,4,0.6666666666666666,mixed sign
ssp126,SSP1-2.6,39.875,114.375,0.3358919863773666,4,0.6666666666666666,mixed sign
ssp126,SSP1-2.6,39.875,114.625,0.210568985251335,4,0.6666666666666666,mixed sign
ssp126,SSP1-2.6,39.875,114.875,0.2105689852514087,4,0.6666666666666666,mixed sign
ssp126,SSP1-2.6,39.875,115.125,0.2105689852513323,4,0.6666666666666666,mixed sign
ssp126,SSP1-2.6,39.875,115.375,0.1539709076272073,4,0.6666666666666666,mixed sign
ssp126,SSP1-2.6,39.875,115.625,0.1100787765233324,4,0.6666666666666666,mixed sign
ssp126,SSP1-2.6,39.875,115.875,0.0850526747826041,4,0.6666666666666666,mixed sign
ssp126,SSP1-2.6,39.875,116.125,0.0850526747826254,4,0.6666666666666666,mixed sign
ssp126,SSP1-2.6,39.875,116.375,0.1059744591284896,4,0.6666666666666666,mixed sign
ssp126,SSP1-2.6,39.875,116.625,0.1687398005607905,4,0.6666666666666666,mixed sign
ssp126,SSP1-2.6,39.875,116.875,0.1799636194323373,4,0.6666666666666666,mixed sign
ssp126,SSP1-2.6,39.875,117.125,-0.0794651563707284,3,0.5,mixed sign
ssp126,SSP1-2.6,39.875,117.375,-0.0794651563707076,3,0.5,mixed sign
ssp126,SSP1-2.6,39.875,117.625,-0.0794651563707034,3,0.5,mixed sign
ssp126,SSP1-2.6,39.875,117.875,-0.0794651563707127,3,0.5,mixed sign
ssp126,SSP1-2.6,39.875,118.125,-0.1682935384736208,4,0.6666666666666666,mixed sign
ssp126,SSP1-2.6,39.875,118.375,-0.2571219205765047,4,0.6666666666666666,mixed sign
ssp126,SSP1-2.6,39.875,118.625,-0.3537455947101717,5,0.8333333333333334,robust drying (>=5/6)
ssp126,SSP1-2.6,39.875,118.875,-1.54621764751985,5,0.8333333333333334,robust drying (>=5/6)
ssp126,SSP1-2.6,39.875,119.125,-1.5462176475198837,5,0.8333333333333334,robust drying (>=5/6)
ssp126,SSP1-2.6,39.875,119.375,-2.7013346453327154,5,0.8333333333333334,robust drying (>=5/6)
ssp126,SSP1-2.6,40.125,112.875,0.5775766213030096,4,0.6666666666666666,mixed sign
ssp126,SSP1-2.6,40.125,113.125,0.0205590889058351,3,0.5,mixed sign
ssp126,SSP1-2.6,40.125,113.375,0.4268315834410021,4,0.6666666666666666,mixed sign
ssp126,SSP1-2.6,40.125,113.625,0.4268315834410332,4,0.6666666666666666,mixed sign
ssp126,SSP1-2.6,40.125,113.875,0.4268315834409639,4,0.6666666666666666,mixed sign
ssp126,SSP1-2.6,40.125,114.125,0.4093307198542764,4,0.6666666666666666,mixed sign
ssp126,SSP1-2.6,40.125,114.375,0.3358919863774634,4,0.6666666666666666,mixed sign
ssp126,SSP1-2.6,40.125,114.625,0.2105689852513128,4,0.6666666666666666,mixed sign
ssp126,SSP1-2.6,40.125,114.875,0.2105689852513483,4,0.6666666666666666,mixed sign
ssp126,SSP1-2.6,40.125,115.125,0.2105689852514336,4,0.6666666666666666,mixed sign
ssp126,SSP1-2.6,40.125,115.375,0.1539709077719591,4,0.6666666666666666,mixed sign
ssp126,SSP1-2.6,40.125,115.625,0.1100787765234292,4,0.6666666666666666,mixed sign
ssp126,SSP1-2.6,40.125,115.875,0.0850526747826361,4,0.6666666666666666,mixed sign
ssp126,SSP1-2.6,40.125,116.125,0.0850526747826538,4,0.6666666666666666,mixed sign
ssp126,SSP1-2.6,40.125,116.375,0.1059744592889515,4,0.6666666666666666,mixed sign
ssp126,SSP1-2.6,40.125,116.625,0.1687398005607026,4,0.6666666666666666,mixed sign
ssp126,SSP1-2.6,40.125,116.875,0.1799636194324909,4,0.6666666666666666,mixed sign
ssp126,SSP1-2.6,40.125,117.125,-0.0794651563706925,3,0.5,mixed sign
ssp126,SSP1-2.6,40.125,117.375,-0.0794651563706421,3,0.5,mixed sign
ssp126,SSP1-2.6,40.125,117.625,-0.0794651563706843,3,0.5,mixed sign
ssp126,SSP1-2.6,40.125,117.875,-0.0794651563706783,3,0.5,mixed sign
ssp126,SSP1-2.6,40.125,118.125,-0.1682935384736292,4,0.6666666666666666,mixed sign
ssp126,SSP1-2.6,40.125,118.375,-0.2571219205764996,4,0.6666666666666666,mixed sign
ssp126,SSP1-2.6,40.125,118.625,-0.3537455977587822,5,0.8333333333333334,robust drying (>=5/6)
ssp126,SSP1-2.6,40.125,118.875,-1.5462176475199307,5,0.8333333333333334,robust drying (>=5/6)
ssp126,SSP1-2.6,40.125,119.125,-1.5462176475198837,5,0.8333333333333334,robust drying (>=5/6)
ssp126,SSP1-2.6,40.125,119.375,-2.7013346453327367,5,0.8333333333333334,robust drying (>=5/6)
ssp126,SSP1-2.6,40.375,113.125,0.0050752144095893,3,0.5,mixed sign
ssp126,SSP1-2.6,40.375,113.375,0.4108446177134683,4,0.6666666666666666,mixed sign
ssp126,SSP1-2.6,40.375,113.625,0.4108789804117436,4,0.6666666666666666,mixed sign
ssp126,SSP1-2.6,40.375,113.875,0.4108446177135789,4,0.6666666666666666,mixed sign
ssp126,SSP1-2.6,40.375,114.125,0.3955059749663254,4,0.6666666666666666,mixed sign
ssp126,SSP1-2.6,40.375,114.375,0.3288437426301618,4,0.6666666666666666,mixed sign
ssp126,SSP1-2.6,40.375,114.625,0.2035509674207238,4,0.6666666666666666,mixed sign
ssp126,SSP1-2.6,40.375,114.875,0.2035509674207816,4,0.6666666666666666,mixed sign
ssp126,SSP1-2.6,40.375,115.125,0.2035207415040796,4,0.6666666666666666,mixed sign
ssp126,SSP1-2.6,40.375,115.375,0.2041519161906695,4,0.6666666666666666,mixed sign
ssp126,SSP1-2.6,40.375,115.625,0.178976765769816,4,0.6666666666666666,mixed sign
ssp126,SSP1-2.6,40.375,115.875,0.1538026079427572,4,0.6666666666666666,mixed sign
ssp126,SSP1-2.6,40.375,116.125,0.1539506640290655,4,0.6666666666666666,mixed sign
ssp126,SSP1-2.6,40.375,116.375,0.1493797651998187,4,0.6666666666666666,mixed sign
ssp126,SSP1-2.6,40.375,116.625,0.1347115805248808,4,0.6666666666666666,mixed sign
ssp126,SSP1-2.6,40.375,116.875,0.1460812277562349,4,0.6666666666666666,mixed sign
ssp126,SSP1-2.6,40.375,117.125,-0.0897112948606007,3,0.5,mixed sign
ssp126,SSP1-2.6,40.375,117.375,-0.0898571232201694,3,0.5,mixed sign
ssp126,SSP1-2.6,40.375,117.625,-0.0794651563706767,3,0.5,mixed sign
ssp126,SSP1-2.6,40.375,117.875,-0.0794651563707067,3,0.5,mixed sign
ssp126,SSP1-2.6,40.375,118.125,-0.1682935384736492,4,0.6666666666666666,mixed sign
ssp126,SSP1-2.6,40.375,118.375,-0.2571219205765118,4,0.6666666666666666,mixed sign
ssp126,SSP1-2.6,40.375,118.625,-0.2571219205765047,5,0.8333333333333334,robust drying (>=5/6)
ssp126,SSP1-2.6,40.375,118.875,-0.7541055845509903,5,0.8333333333333334,robust drying (>=5/6)
ssp126,SSP1-2.6,40.375,119.125,-0.7575006607733026,5,0.8333333333333334,robust drying (>=5/6)
ssp126,SSP1-2.6,40.625,113.625,0.5569118580126902,4,0.6666666666666666,mixed sign
ssp126,SSP1-2.6,40.625,113.875,0.5564785558675545,4,0.6666666666666666,mixed sign
ssp126,SSP1-2.6,40.625,114.125,0.5437075000482245,4,0.6666666666666666,mixed sign
ssp126,SSP1-2.6,40.625,114.375,0.5055676763932837,4,0.6666666666666666,mixed sign
ssp126,SSP1-2.6,40.625,114.875,0.3435441055783941,4,0.6666666666666666,mixed sign
ssp126,SSP1-2.6,40.625,115.125,0.3435441055784265,4,0.6666666666666666,mixed sign
ssp126,SSP1-2.6,40.625,115.375,0.4009626610997228,4,0.6666666666666666,mixed sign
ssp126,SSP1-2.6,40.625,115.625,0.3028880801196707,4,0.6666666666666666,mixed sign
ssp126,SSP1-2.6,40.625,115.875,0.1854287235130125,4,0.6666666666666666,mixed sign
ssp126,SSP1-2.6,40.625,116.125,0.1855176353415428,4,0.6666666666666666,mixed sign
ssp126,SSP1-2.6,40.625,116.375,0.1551300755019502,4,0.6666666666666666,mixed sign
ssp126,SSP1-2.6,40.625,116.625,0.0638785038119555,4,0.6666666666666666,mixed sign
ssp126,SSP1-2.6,40.625,116.875,-0.123551336905356,3,0.5,mixed sign
ssp126,SSP1-2.6,40.625,117.125,-0.1235513369053731,3,0.5,mixed sign
ssp126,SSP1-2.6,40.625,117.375,-0.1235513369053509,3,0.5,mixed sign
ssp126,SSP1-2.6,40.625,117.625,-0.164345765400703,4,0.6666666666666666,mixed sign
ssp126,SSP1-2.6,40.625,117.875,-0.1779439111645715,4,0.6666666666666666,mixed sign
ssp126,SSP1-2.6,40.625,118.125,-0.1779439111645955,4,0.6666666666666666,mixed sign
ssp126,SSP1-2.6,40.625,118.375,-0.1779439111645715,4,0.6666666666666666,mixed sign
ssp126,SSP1-2.6,40.625,118.625,-0.1258454173230856,3,0.5,mixed sign
ssp126,SSP1-2.6,40.625,118.875,-0.0960694883916284,3,0.5,mixed sign
ssp126,SSP1-2.6,40.625,119.125,-0.0956830371192603,3,0.5,mixed sign
ssp126,SSP1-2.6,40.875,113.875,0.7094181763971217,4,0.6666666666666666,mixed sign
ssp126,SSP1-2.6,40.875,114.125,0.6963871397709158,4,0.6666666666666666,mixed sign
ssp126,SSP1-2.6,40.875,114.875,0.3599903568076525,4,0.6666666666666666,mixed sign
ssp126,SSP1-2.6,40.875,115.125,0.3599903568076632,4,0.6666666666666666,mixed sign
ssp126,SSP1-2.6,40.875,115.375,0.4170561123179586,4,0.6666666666666666,mixed sign
ssp126,SSP1-2.6,40.875,115.625,0.308725621521138,4,0.6666666666666666,mixed sign
ssp126,SSP1-2.6,40.875,115.875,0.1813732079238552,4,0.6666666666666666,mixed sign
ssp126,SSP1-2.6,40.875,116.125,0.1813732079238965,4,0.6666666666666666,mixed sign
ssp126,SSP1-2.6,40.875,116.375,0.150985647850486,4,0.6666666666666666,mixed sign
ssp126,SSP1-2.6,40.875,116.625,0.0598229882230363,4,0.6666666666666666,mixed sign
ssp126,SSP1-2.6,40.875,116.875,-0.1235513369053349,3,0.5,mixed sign
ssp126,SSP1-2.6,40.875,117.125,-0.1235513369053715,3,0.5,mixed sign
ssp126,SSP1-2.6,40.875,117.375,-0.1235513369053074,3,0.5,mixed sign
ssp126,SSP1-2.6,40.875,117.625,-0.1643457652959583,4,0.6666666666666666,mixed sign
ssp126,SSP1-2.6,40.875,117.875,-0.1779439111645679,4,0.6666666666666666,mixed sign
ssp126,SSP1-2.6,40.875,118.125,-0.1779439111645466,4,0.6666666666666666,mixed sign
ssp126,SSP1-2.6,40.875,118.375,-0.1779439111646994,4,0.6666666666666666,mixed sign
ssp126,SSP1-2.6,40.875,118.625,-0.1258454169218155,3,0.5,mixed sign
ssp126,SSP1-2.6,40.875,118.875,-0.0780724414552402,3,0.5,mixed sign
ssp126,SSP1-2.6,40.875,119.125,-0.0780724414552402,3,0.5,mixed sign
ssp126,SSP1-2.6,41.125,116.375,0.1509856476161548,4,0.6666666666666666,mixed sign
ssp126,SSP1-2.6,41.125,116.625,0.0598229882230221,4,0.6666666666666666,mixed sign
ssp126,SSP1-2.6,41.125,116.875,-0.1235513369053615,3,0.5,mixed sign
ssp126,SSP1-2.6,41.125,117.125,-0.1235513369054317,3,0.5,mixed sign
ssp126,SSP1-2.6,41.125,117.375,-0.1235513369053313,3,0.5,mixed sign
ssp126,SSP1-2.6,41.125,117.625,-0.1643457651911257,4,0.6666666666666666,mixed sign
ssp126,SSP1-2.6,41.125,117.875,-0.1779439111645768,4,0.6666666666666666,mixed sign
ssp126,SSP1-2.6,41.375,116.125,0.1272193984620995,3,0.5,mixed sign
ssp126,SSP1-2.6,41.375,116.375,0.0973218394680222,3,0.5,mixed sign
ssp126,SSP1-2.6,41.375,116.625,0.007269767935929,3,0.5,mixed sign
ssp126,SSP1-2.6,41.375,116.875,-0.1225255109769565,3,0.5,mixed sign
ssp126,SSP1-2.6,41.375,117.125,-0.1225255109769987,3,0.5,mixed sign
ssp126,SSP1-2.6,41.375,117.375,-0.1223748061413971,3,0.5,mixed sign
ssp126,SSP1-2.6,41.375,117.625,-0.1618639214910524,3,0.5,mixed sign
ssp126,SSP1-2.6,41.375,117.875,-0.1755048843291933,4,0.6666666666666666,mixed sign
ssp126,SSP1-2.6,41.625,116.125,-0.196142227588854,3,0.5,mixed sign
ssp126,SSP1-2.6,41.625,116.375,-0.1880682289339734,3,0.5,mixed sign
ssp126,SSP1-2.6,41.625,116.625,-0.1500934829462861,3,0.5,mixed sign
ssp126,SSP1-2.6,41.625,116.875,-0.1077498707542805,3,0.5,mixed sign
ssp126,SSP1-2.6,41.625,117.125,-0.107241316092157,3,0.5,mixed sign
ssp126,SSP1-2.6,41.625,117.375,-0.107241316092157,3,0.5,mixed sign
ssp126,SSP1-2.6,41.625,117.625,-0.1072413160920824,3,0.5,mixed sign
ssp126,SSP1-2.6,41.625,117.875,-0.1072413160921108,3,0.5,mixed sign
ssp126,SSP1-2.6,41.875,116.125,-0.0482475386025705,3,0.5,mixed sign
ssp126,SSP1-2.6,41.875,116.375,-0.0379506931480725,3,0.5,mixed sign
ssp126,SSP1-2.6,41.875,116.625,-0.0049565948514959,3,0.5,mixed sign
ssp126,SSP1-2.6,41.875,116.875,-0.0168448141839797,3,0.5,mixed sign
ssp126,SSP1-2.6,41.875,117.125,-0.0252161557829657,3,0.5,mixed sign
ssp126,SSP1-2.6,41.875,117.375,-0.0264554856230562,3,0.5,mixed sign
ssp126,SSP1-2.6,42.125,116.125,0.0771205342023186,3,0.5,mixed sign
ssp126,SSP1-2.6,42.125,116.375,0.0851945329822387,3,0.5,mixed sign
ssp126,SSP1-2.6,42.125,116.625,0.1094165226023244,3,0.5,mixed sign
ssp126,SSP1-2.6,42.125,116.875,0.0554908781753944,3,0.5,mixed sign
ssp126,SSP1-2.6,42.125,117.125,0.0487130823566133,3,0.5,mixed sign
ssp126,SSP1-2.6,42.125,117.375,0.0487130823564569,3,0.5,mixed sign
ssp126,SSP1-2.6,42.375,116.375,-0.1679144541096846,3,0.5,mixed sign
ssp126,SSP1-2.6,42.375,116.625,-0.1705390853029449,3,0.5,mixed sign
ssp126,SSP1-2.6,42.375,116.875,-0.2011604141028407,3,0.5,mixed sign
ssp245,SSP2-4.5,35.375,113.875,-0.3229618897376234,4,0.6666666666666666,mixed sign
ssp245,SSP2-4.5,35.375,114.125,-0.3304935647386582,4,0.6666666666666666,mixed sign
ssp245,SSP2-4.5,35.625,113.625,-0.3057107884119503,4,0.6666666666666666,mixed sign
ssp245,SSP2-4.5,35.625,113.875,-0.322961889790653,4,0.6666666666666666,mixed sign
ssp245,SSP2-4.5,35.625,114.125,-0.3304935644422251,4,0.6666666666666666,mixed sign
ssp245,SSP2-4.5,35.625,114.375,-0.2097850720648608,4,0.6666666666666666,mixed sign
ssp245,SSP2-4.5,35.875,113.625,-0.0595747056479645,4,0.6666666666666666,mixed sign
ssp245,SSP2-4.5,35.875,113.875,-0.0768258070798655,4,0.6666666666666666,mixed sign
ssp245,SSP2-4.5,35.875,114.125,-0.1067010337943736,4,0.6666666666666666,mixed sign
ssp245,SSP2-4.5,35.875,114.375,-0.0659716888846579,3,0.5,mixed sign
ssp245,SSP2-4.5,35.875,114.625,-0.0226472480445698,3,0.5,mixed sign
ssp245,SSP2-4.5,35.875,115.125,-0.0218833236617674,3,0.5,mixed sign
ssp245,SSP2-4.5,36.125,113.125,-0.1741398556462776,4,0.6666666666666666,mixed sign
ssp245,SSP2-4.5,36.125,113.375,-0.1963677697458479,4,0.6666666666666666,mixed sign
ssp245,SSP2-4.5,36.125,113.625,-0.1963677697458337,4,0.6666666666666666,mixed sign
ssp245,SSP2-4.5,36.125,113.875,-0.2136188712308655,4,0.6666666666666666,mixed sign
ssp245,SSP2-4.5,36.125,114.125,-0.2423707065521894,4,0.6666666666666666,mixed sign
ssp245,SSP2-4.5,36.125,114.375,-0.178640477971709,4,0.6666666666666666,mixed sign
ssp245,SSP2-4.5,36.125,114.625,-0.1149102493913458,4,0.6666666666666666,mixed sign
ssp245,SSP2-4.5,36.125,114.875,-0.1149102493912641,4,0.6666666666666666,mixed sign
ssp245,SSP2-4.5,36.125,115.125,-0.114910249391273,4,0.6666666666666666,mixed sign
ssp245,SSP2-4.5,36.125,115.375,-0.1149102493912481,4,0.6666666666666666,mixed sign
ssp245,SSP2-4.5,36.125,115.625,-0.1996619162570576,4,0.6666666666666666,mixed sign
ssp245,SSP2-4.5,36.125,115.875,-0.2844135831228049,4,0.6666666666666666,mixed sign
ssp245,SSP2-4.5,36.375,112.625,-0.0075153837528336,3,0.5,mixed sign
ssp245,SSP2-4.5,36.375,112.875,-0.0077300956171892,3,0.5,mixed sign
ssp245,SSP2-4.5,36.375,113.125,-0.0346727023035686,3,0.5,mixed sign
ssp245,SSP2-4.5,36.375,113.375,-0.0732216568640922,3,0.5,mixed sign
ssp245,SSP2-4.5,36.375,113.625,-0.0710550145916517,3,0.5,mixed sign
ssp245,SSP2-4.5,36.375,113.875,-0.1015625564213511,3,0.5,mixed sign
ssp245,SSP2-4.5,36.375,114.125,-0.1928036115627391,4,0.6666666666666666,mixed sign
ssp245,SSP2-4.5,36.375,114.375,-0.1295726308245304,4,0.6666666666666666,mixed sign
ssp245,SSP2-4.5,36.375,114.625,-0.1295359998709968,5,0.8333333333333334,robust drying (>=5/6)
ssp245,SSP2-4.5,36.375,114.875,-0.2307162862852121,5,0.8333333333333334,robust drying (>=5/6)
ssp245,SSP2-4.5,36.375,115.125,-0.2278489753886909,5,0.8333333333333334,robust drying (>=5/6)
ssp245,SSP2-4.5,36.375,115.375,-0.2272755191422137,5,0.8333333333333334,robust drying (>=5/6)
ssp245,SSP2-4.5,36.375,115.625,-0.2659020712432536,5,0.8333333333333334,robust drying (>=5/6)
ssp245,SSP2-4.5,36.375,115.875,-0.3548735664795668,5,0.8333333333333334,robust drying (>=5/6)
ssp245,SSP2-4.5,36.375,116.125,-0.2355513001944529,5,0.8333333333333334,robust drying (>=5/6)
ssp245,SSP2-4.5,36.625,112.875,-0.1067465606537414,4,0.6666666666666666,mixed sign
ssp245,SSP2-4.5,36.625,113.125,-0.1963440145367361,4,0.6666666666666666,mixed sign
ssp245,SSP2-4.5,36.625,113.375,-0.2936108835200013,4,0.6666666666666666,mixed sign
ssp245,SSP2-4.5,36.625,113.625,-0.2936108835198574,4,0.6666666666666666,mixed sign
ssp245,SSP2-4.5,36.625,113.875,-0.2936108835199338,4,0.6666666666666666,mixed sign
ssp245,SSP2-4.5,36.625,114.125,-0.5105065814310104,5,0.8333333333333334,robust drying (>=5/6)
ssp245,SSP2-4.5,36.625,114.375,-0.4467763528504811,5,0.8333333333333334,robust drying (>=5/6)
ssp245,SSP2-4.5,36.625,114.625,-0.4431130599288644,5,0.8333333333333334,robust drying (>=5/6)
ssp245,SSP2-4.5,36.625,114.875,-0.4431130599288526,5,0.8333333333333334,robust drying (>=5/6)
ssp245,SSP2-4.5,36.625,115.125,-0.443113059928871,5,0.8333333333333334,robust drying (>=5/6)
ssp245,SSP2-4.5,36.625,115.375,-0.4431130599288067,5,0.8333333333333334,robust drying (>=5/6)
ssp245,SSP2-4.5,36.625,115.625,-0.5002722588639612,5,0.8333333333333334,robust drying (>=5/6)
ssp245,SSP2-4.5,36.625,115.875,-0.5850239257296934,5,0.8333333333333334,robust drying (>=5/6)
ssp245,SSP2-4.5,36.625,116.125,-0.585023925729641,5,0.8333333333333334,robust drying (>=5/6)
ssp245,SSP2-4.5,36.625,116.375,-0.7221827608152571,5,0.8333333333333334,robust drying (>=5/6)
ssp245,SSP2-4.5,36.625,116.625,-0.8239051455179327,4,0.6666666666666666,mixed sign
ssp245,SSP2-4.5,36.875,112.875,-0.2412013553709844,4,0.6666666666666666,mixed sign
ssp245,SSP2-4.5,36.875,113.125,-0.2560408625522594,4,0.6666666666666666,mixed sign
ssp245,SSP2-4.5,36.875,113.375,-0.4466499348408632,4,0.6666666666666666,mixed sign
ssp245,SSP2-4.5,36.875,113.625,-0.4463228480010563,4,0.6666666666666666,mixed sign
ssp245,SSP2-4.5,36.875,113.875,-0.446322848001099,4,0.6666666666666666,mixed sign
ssp245,SSP2-4.5,36.875,114.125,-0.6635456327519274,5,0.8333333333333334,robust drying (>=5/6)
ssp245,SSP2-4.5,36.875,114.375,-0.522660798882673,5,0.8333333333333334,robust drying (>=5/6)
ssp245,SSP2-4.5,36.875,114.625,-0.0568319758337647,4,0.6666666666666666,mixed sign
ssp245,SSP2-4.5,36.875,114.875,-0.0568356390031761,4,0.6666666666666666,mixed sign
ssp245,SSP2-4.5,36.875,115.125,-0.0568356390032229,4,0.6666666666666666,mixed sign
ssp245,SSP2-4.5,36.875,115.375,-0.0568319758339455,4,0.6666666666666666,mixed sign
ssp245,SSP2-4.5,36.875,115.625,-0.0520560780853356,4,0.6666666666666666,mixed sign
ssp245,SSP2-4.5,36.875,115.875,-0.0478148958050377,3,0.5,mixed sign
ssp245,SSP2-4.5,36.875,116.125,-0.0482001107216305,3,0.5,mixed sign
ssp245,SSP2-4.5,36.875,116.375,-0.0482001107217051,3,0.5,mixed sign
ssp245,SSP2-4.5,36.875,116.625,0.0255976060103531,4,0.6666666666666666,mixed sign
ssp245,SSP2-4.5,36.875,116.875,-0.221573814111573,3,0.5,mixed sign
ssp245,SSP2-4.5,37.125,112.875,-0.1394062879231254,4,0.6666666666666666,mixed sign
ssp245,SSP2-4.5,37.125,113.125,-0.1929931698895952,4,0.6666666666666666,mixed sign
ssp245,SSP2-4.5,37.125,113.375,-0.3998045678094426,4,0.6666666666666666,mixed sign
ssp245,SSP2-4.5,37.125,113.625,-0.3998592128088685,4,0.6666666666666666,mixed sign
ssp245,SSP2-4.5,37.125,113.875,-0.3998045678094719,4,0.6666666666666666,mixed sign
ssp245,SSP2-4.5,37.125,114.125,-0.4161813768083364,5,0.8333333333333334,robust drying (>=5/6)
ssp245,SSP2-4.5,37.125,114.375,-0.3266931740071239,5,0.8333333333333334,robust drying (>=5/6)
ssp245,SSP2-4.5,37.125,114.625,-0.0567985134046189,4,0.6666666666666666,mixed sign
ssp245,SSP2-4.5,37.125,114.875,-0.0567985134046411,4,0.6666666666666666,mixed sign
ssp245,SSP2-4.5,37.125,115.125,-0.0567985134046047,4,0.6666666666666666,mixed sign
ssp245,SSP2-4.5,37.125,115.375,-0.056798513404652,4,0.6666666666666666,mixed sign
ssp245,SSP2-4.5,37.125,115.625,-0.0504977580257817,4,0.6666666666666666,mixed sign
ssp245,SSP2-4.5,37.125,115.875,-0.04419700264698,3,0.5,mixed sign
ssp245,SSP2-4.5,37.125,116.125,-0.04419700264698,3,0.5,mixed sign
ssp245,SSP2-4.5,37.125,116.375,-0.0118531295675889,3,0.5,mixed sign
ssp245,SSP2-4.5,37.125,116.625,0.1329451798096539,5,0.8333333333333334,robust wetting (>=5/6)
ssp245,SSP2-4.5,37.125,116.875,0.1361900415414583,4,0.6666666666666666,mixed sign
ssp245,SSP2-4.5,37.125,117.125,-0.5904178755797824,3,0.5,mixed sign
ssp245,SSP2-4.5,37.375,113.875,-0.397691798331488,4,0.6666666666666666,mixed sign
ssp245,SSP2-4.5,37.375,114.125,-0.3996252380831109,5,0.8333333333333334,robust drying (>=5/6)
ssp245,SSP2-4.5,37.375,114.375,-0.2627660890220458,5,0.8333333333333334,robust drying (>=5/6)
ssp245,SSP2-4.5,37.375,114.625,-0.056798513404658,4,0.6666666666666666,mixed sign
ssp245,SSP2-4.5,37.375,114.875,-0.0567985134045994,4,0.6666666666666666,mixed sign
ssp245,SSP2-4.5,37.375,115.125,-0.0567985134046473,4,0.6666666666666666,mixed sign
ssp245,SSP2-4.5,37.375,115.375,-0.0567985134046062,4,0.6666666666666666,mixed sign
ssp245,SSP2-4.5,37.375,115.625,-0.0471421507749978,4,0.6666666666666666,mixed sign
ssp245,SSP2-4.5,37.375,115.875,-0.0408413953961934,3,0.5,mixed sign
ssp245,SSP2-4.5,37.375,116.125,-0.0408413953961526,3,0.5,mixed sign
ssp245,SSP2-4.5,37.375,116.375,0.0086682379696245,4,0.6666666666666666,mixed sign
ssp245,SSP2-4.5,37.375,116.625,0.1764439814555065,5,0.8333333333333334,robust wetting (>=5/6)
ssp245,SSP2-4.5,37.375,116.875,0.1820141703820716,4,0.6666666666666666,mixed sign
ssp245,SSP2-4.5,37.375,117.125,-0.5904178755797962,3,0.5,mixed sign
ssp245,SSP2-4.5,37.375,117.375,-0.4401126737947685,3,0.5,mixed sign
ssp245,SSP2-4.5,37.375,117.625,-0.9614193519093416,4,0.6666666666666666,mixed sign
ssp245,SSP2-4.5,37.375,117.875,-0.9614193519092652,4,0.6666666666666666,mixed sign
ssp245,SSP2-4.5,37.625,113.875,-0.3554286094282703,4,0.6666666666666666,mixed sign
ssp245,SSP2-4.5,37.625,114.125,-0.3569341391663787,5,0.8333333333333334,robust drying (>=5/6)
ssp245,SSP2-4.5,37.625,114.375,-0.2165145495527749,5,0.8333333333333334,robust drying (>=5/6)
ssp245,SSP2-4.5,37.625,114.625,-0.0082441086995119,3,0.5,mixed sign
ssp245,SSP2-4.5,37.625,114.875,-0.0087307841480457,3,0.5,mixed sign
ssp245,SSP2-4.5,37.625,115.125,-0.0087307841481951,3,0.5,mixed sign
ssp245,SSP2-4.5,37.625,115.375,-0.0082441086993361,3,0.5,mixed sign
ssp245,SSP2-4.5,37.625,115.625,-0.0635334574625545,4,0.6666666666666666,mixed sign
ssp245,SSP2-4.5,37.625,115.875,-0.0950070433240026,4,0.6666666666666666,mixed sign
ssp245,SSP2-4.5,37.625,116.125,-0.0950070433239518,4,0.6666666666666666,mixed sign
ssp245,SSP2-4.5,37.625,116.375,-0.045497409585824,3,0.5,mixed sign
ssp245,SSP2-4.5,37.625,116.625,0.1764439824219308,4,0.6666666666666666,mixed sign
ssp245,SSP2-4.5,37.625,116.875,-0.216380421914434,4,0.6666666666666666,mixed sign
ssp245,SSP2-4.5,37.625,117.125,-0.7431919788097585,4,0.6666666666666666,mixed sign
ssp245,SSP2-4.5,37.625,117.375,-0.591355489154568,4,0.6666666666666666,mixed sign
ssp245,SSP2-4.5,37.625,117.625,-0.8783962951828763,5,0.8333333333333334,robust drying (>=5/6)
ssp245,SSP2-4.5,37.625,117.875,-0.8775557130950022,5,0.8333333333333334,robust drying (>=5/6)
ssp245,SSP2-4.5,37.625,118.125,-2.3383124886053865,5,0.8333333333333334,robust drying (>=5/6)
ssp245,SSP2-4.5,37.875,113.875,-0.1544878734715089,4,0.6666666666666666,mixed sign
ssp245,SSP2-4.5,37.875,114.125,-0.1541418642822671,5,0.8333333333333334,robust drying (>=5/6)
ssp245,SSP2-4.5,37.875,114.375,-0.1120033069533494,4,0.6666666666666666,mixed sign
ssp245,SSP2-4.5,37.875,114.625,-0.0336046954425208,3,0.5,mixed sign
ssp245,SSP2-4.5,37.875,114.875,-0.0336046954425539,3,0.5,mixed sign
ssp245,SSP2-4.5,37.875,115.125,-0.0336046954425204,3,0.5,mixed sign
ssp245,SSP2-4.5,37.875,115.375,-0.0336046954425199,3,0.5,mixed sign
ssp245,SSP2-4.5,37.875,115.625,-0.1273365135490043,5,0.8333333333333334,robust drying (>=5/6)
ssp245,SSP2-4.5,37.875,115.875,-0.412975219509442,5,0.8333333333333334,robust drying (>=5/6)
ssp245,SSP2-4.5,37.875,116.125,-0.3936336874049346,5,0.8333333333333334,robust drying (>=5/6)
ssp245,SSP2-4.5,37.875,116.375,-0.3940982106895703,4,0.6666666666666666,mixed sign
ssp245,SSP2-4.5,37.875,116.625,-0.3214670562210271,3,0.5,mixed sign
ssp245,SSP2-4.5,37.875,116.875,-0.3110871862838595,3,0.5,mixed sign
ssp245,SSP2-4.5,37.875,117.125,-0.7433965687903448,4,0.6666666666666666,mixed sign
ssp245,SSP2-4.5,37.875,117.375,-0.6721447907288209,4,0.6666666666666666,mixed sign
ssp245,SSP2-4.5,37.875,117.625,-1.070225202225254,5,0.8333333333333334,robust drying (>=5/6)
ssp245,SSP2-4.5,37.875,117.875,-1.070225202225228,5,0.8333333333333334,robust drying (>=5/6)
ssp245,SSP2-4.5,37.875,118.125,-3.0630245554698123,5,0.8333333333333334,robust drying (>=5/6)
ssp245,SSP2-4.5,38.125,113.875,-0.0107817205422593,3,0.5,mixed sign
ssp245,SSP2-4.5,38.125,114.125,-0.0993674822951291,4,0.6666666666666666,mixed sign
ssp245,SSP2-4.5,38.125,114.375,0.0422442154933238,3,0.5,mixed sign
ssp245,SSP2-4.5,38.125,114.625,-0.0051582376444496,3,0.5,mixed sign
ssp245,SSP2-4.5,38.125,114.875,-0.0051582376443946,3,0.5,mixed sign
ssp245,SSP2-4.5,38.125,115.125,-0.0047465122538001,3,0.5,mixed sign
ssp245,SSP2-4.5,38.125,115.375,0.0219313870551847,4,0.6666666666666666,mixed sign
ssp245,SSP2-4.5,38.125,115.625,-0.1273365135490083,4,0.6666666666666666,mixed sign
ssp245,SSP2-4.5,38.125,115.875,-0.1719300453099486,4,0.6666666666666666,mixed sign
ssp245,SSP2-4.5,38.125,116.125,-0.265766701308376,4,0.6666666666666666,mixed sign
ssp245,SSP2-4.5,38.125,116.375,-0.272022479620897,5,0.8333333333333334,robust drying (>=5/6)
ssp245,SSP2-4.5,38.125,116.625,-0.3345210058245995,4,0.6666666666666666,mixed sign
ssp245,SSP2-4.5,38.125,116.875,-0.3333421441867936,4,0.6666666666666666,mixed sign
ssp245,SSP2-4.5,38.125,117.125,-0.6216557056918557,5,0.8333333333333334,robust drying (>=5/6)
ssp245,SSP2-4.5,38.125,117.375,-0.5840378268195492,5,0.8333333333333334,robust drying (>=5/6)
ssp245,SSP2-4.5,38.125,117.625,-1.0702252022252794,5,0.8333333333333334,robust drying (>=5/6)
ssp245,SSP2-4.5,38.125,117.875,-1.0702252022253185,5,0.8333333333333334,robust drying (>=5/6)
ssp245,SSP2-4.5,38.375,112.875,0.0731482052055501,4,0.6666666666666666,mixed sign
ssp245,SSP2-4.5,38.375,113.375,0.0512954044473294,3,0.5,mixed sign
ssp245,SSP2-4.5,38.375,113.625,0.0512954044473747,3,0.5,mixed sign
ssp245,SSP2-4.5,38.375,113.875,0.0384802713179346,3,0.5,mixed sign
ssp245,SSP2-4.5,38.375,114.125,-0.0371842777819528,3,0.5,mixed sign
ssp245,SSP2-4.5,38.375,114.375,0.1291068826092836,4,0.6666666666666666,mixed sign
ssp245,SSP2-4.5,38.375,114.625,0.0973806706510611,4,0.6666666666666666,mixed sign
ssp245,SSP2-4.5,38.375,114.875,0.0973806706511508,4,0.6666666666666666,mixed sign
ssp245,SSP2-4.5,38.375,115.125,0.0973806706511375,4,0.6666666666666666,mixed sign
ssp245,SSP2-4.5,38.375,115.375,0.0977196310927919,4,0.6666666666666666,mixed sign
ssp245,SSP2-4.5,38.375,115.625,-0.1273365135491,4,0.6666666666666666,mixed sign
ssp245,SSP2-4.5,38.375,115.875,-0.1719300453098666,4,0.6666666666666666,mixed sign
ssp245,SSP2-4.5,38.375,116.125,-0.2657667012047249,4,0.6666666666666666,mixed sign
ssp245,SSP2-4.5,38.375,116.375,-0.2720224796209183,5,0.8333333333333334,robust drying (>=5/6)
ssp245,SSP2-4.5,38.375,116.625,-0.602281746349449,4,0.6666666666666666,mixed sign
ssp245,SSP2-4.5,38.375,116.875,-0.6269339087474313,4,0.6666666666666666,mixed sign
ssp245,SSP2-4.5,38.375,117.125,-0.8029073057722829,5,0.8333333333333334,robust drying (>=5/6)
ssp245,SSP2-4.5,38.375,117.375,-0.8029073057723184,5,0.8333333333333334,robust drying (>=5/6)
ssp245,SSP2-4.5,38.375,117.625,-1.0702252022252616,5,0.8333333333333334,robust drying (>=5/6)
ssp245,SSP2-4.5,38.625,112.875,0.1526173539965531,6,1.0,robust wetting (>=5/6)
ssp245,SSP2-4.5,38.625,113.125,0.1950273822979165,4,0.6666666666666666,mixed sign
ssp245,SSP2-4.5,38.625,113.375,0.1716797155821181,4,0.6666666666666666,mixed sign
ssp245,SSP2-4.5,38.625,113.625,0.171679715582071,4,0.6666666666666666,mixed sign
ssp245,SSP2-4.5,38.625,113.875,0.1123195818668096,4,0.6666666666666666,mixed sign
ssp245,SSP2-4.5,38.625,114.125,0.0745644052741836,4,0.6666666666666666,mixed sign
ssp245,SSP2-4.5,38.625,114.375,0.1443713983982801,4,0.6666666666666666,mixed sign
ssp245,SSP2-4.5,38.625,114.625,0.040131106268114,3,0.5,mixed sign
ssp245,SSP2-4.5,38.625,114.875,0.0326227155188521,3,0.5,mixed sign
ssp245,SSP2-4.5,38.625,115.125,0.0326227155188414,3,0.5,mixed sign
ssp245,SSP2-4.5,38.625,115.375,0.0329616759596751,3,0.5,mixed sign
ssp245,SSP2-4.5,38.625,115.625,-0.1719300453099626,4,0.6666666666666666,mixed sign
ssp245,SSP2-4.5,38.625,115.875,-0.1719300453098957,5,0.8333333333333334,robust drying (>=5/6)
ssp245,SSP2-4.5,38.625,116.125,-0.2657667011009006,5,0.8333333333333334,robust drying (>=5/6)
ssp245,SSP2-4.5,38.625,116.375,-0.2720224796209218,6,1.0,robust drying (>=5/6)
ssp245,SSP2-4.5,38.625,116.625,-0.487163890328151,5,0.8333333333333334,robust drying (>=5/6)
ssp245,SSP2-4.5,38.625,116.875,-0.6269339087473913,5,0.8333333333333334,robust drying (>=5/6)
ssp245,SSP2-4.5,38.625,117.125,-0.7867650397344241,5,0.8333333333333334,robust drying (>=5/6)
ssp245,SSP2-4.5,38.625,117.375,-0.7868430195956311,5,0.8333333333333334,robust drying (>=5/6)
ssp245,SSP2-4.5,38.875,112.625,0.222598113940962,6,1.0,robust wetting (>=5/6)
ssp245,SSP2-4.5,38.875,112.875,0.2225981139409638,6,1.0,robust wetting (>=5/6)
ssp245,SSP2-4.5,38.875,113.125,0.2375227121304304,4,0.6666666666666666,mixed sign
ssp245,SSP2-4.5,38.875,113.375,0.1716797155820719,4,0.6666666666666666,mixed sign
ssp245,SSP2-4.5,38.875,113.625,0.1716797155820373,4,0.6666666666666666,mixed sign
ssp245,SSP2-4.5,38.875,113.875,0.112319581678792,4,0.6666666666666666,mixed sign
ssp245,SSP2-4.5,38.875,114.125,0.0745644054510155,4,0.6666666666666666,mixed sign
ssp245,SSP2-4.5,38.875,114.375,0.1443713983982499,4,0.6666666666666666,mixed sign
ssp245,SSP2-4.5,38.875,114.625,-0.0908542597098764,4,0.6666666666666666,mixed sign
ssp245,SSP2-4.5,38.875,114.875,-0.1719300453099528,4,0.6666666666666666,mixed sign
ssp245,SSP2-4.5,38.875,115.125,-0.1719300453099537,4,0.6666666666666666,mixed sign
ssp245,SSP2-4.5,38.875,115.375,-0.1719300453099448,4,0.6666666666666666,mixed sign
ssp245,SSP2-4.5,38.875,115.625,-0.1719300453099561,4,0.6666666666666666,mixed sign
ssp245,SSP2-4.5,38.875,115.875,-0.2409154052554551,5,0.8333333333333334,robust drying (>=5/6)
ssp245,SSP2-4.5,38.875,116.125,-0.3347520609423977,5,0.8333333333333334,robust drying (>=5/6)
ssp245,SSP2-4.5,38.875,116.375,-0.3410078395663727,6,1.0,robust drying (>=5/6)
ssp245,SSP2-4.5,38.875,116.625,-0.6269339087474011,5,0.8333333333333334,robust drying (>=5/6)
ssp245,SSP2-4.5,38.875,116.875,-0.7857286082749066,5,0.8333333333333334,robust drying (>=5/6)
ssp245,SSP2-4.5,38.875,117.125,-0.766257387078312,5,0.8333333333333334,robust drying (>=5/6)
ssp245,SSP2-4.5,38.875,117.375,-0.7662573870782712,5,0.8333333333333334,robust drying (>=5/6)
ssp245,SSP2-4.5,39.125,112.625,0.219032637463604,5,0.8333333333333334,robust wetting (>=5/6)
ssp245,SSP2-4.5,39.125,112.875,0.2190326374636768,5,0.8333333333333334,robust wetting (>=5/6)
ssp245,SSP2-4.5,39.125,113.125,0.125347304648236,3,0.5,mixed sign
ssp245,SSP2-4.5,39.125,113.375,0.0807727218176008,3,0.5,mixed sign
ssp245,SSP2-4.5,39.125,113.625,0.0798492730408435,3,0.5,mixed sign
ssp245,SSP2-4.5,39.125,113.875,0.0794941070238985,3,0.5,mixed sign
ssp245,SSP2-4.5,39.125,114.125,0.1029762073757254,4,0.6666666666666666,mixed sign
ssp245,SSP2-4.5,39.125,114.375,0.1735645750474708,4,0.6666666666666666,mixed sign
ssp245,SSP2-4.5,39.125,114.625,-0.1345261330428595,3,0.5,mixed sign
ssp245,SSP2-4.5,39.125,114.875,-0.2078254900137786,4,0.6666666666666666,mixed sign
ssp245,SSP2-4.5,39.125,115.125,-0.2090457136654313,4,0.6666666666666666,mixed sign
ssp245,SSP2-4.5,39.125,115.375,-0.2092897553771076,4,0.6666666666666666,mixed sign
ssp245,SSP2-4.5,39.125,115.625,-0.2307900789410435,4,0.6666666666666666,mixed sign
ssp245,SSP2-4.5,39.125,115.875,-0.2759848664132489,5,0.8333333333333334,robust drying (>=5/6)
ssp245,SSP2-4.5,39.125,116.125,-0.317831489835942,5,0.8333333333333334,robust drying (>=5/6)
ssp245,SSP2-4.5,39.125,116.375,-0.326964807670707,6,1.0,robust drying (>=5/6)
ssp245,SSP2-4.5,39.125,116.625,-0.5720443855871915,6,1.0,robust drying (>=5/6)
ssp245,SSP2-4.5,39.125,116.875,-0.7857286082749333,6,1.0,robust drying (>=5/6)
ssp245,SSP2-4.5,39.125,117.125,-0.7662573870782974,6,1.0,robust drying (>=5/6)
ssp245,SSP2-4.5,39.125,117.375,-0.7662573870782912,6,1.0,robust drying (>=5/6)
ssp245,SSP2-4.5,39.125,117.625,-1.0072696551535132,6,1.0,robust drying (>=5/6)
ssp245,SSP2-4.5,39.125,118.375,-1.1897237067986275,5,0.8333333333333334,robust drying (>=5/6)
ssp245,SSP2-4.5,39.375,112.625,0.219032637463532,4,0.6666666666666666,mixed sign
ssp245,SSP2-4.5,39.375,112.875,0.2190326374635534,4,0.6666666666666666,mixed sign
ssp245,SSP2-4.5,39.375,113.125,0.1980234138689156,4,0.6666666666666666,mixed sign
ssp245,SSP2-4.5,39.375,113.375,0.386094059395714,4,0.6666666666666666,mixed sign
ssp245,SSP2-4.5,39.375,113.625,0.3860197066221911,4,0.6666666666666666,mixed sign
ssp245,SSP2-4.5,39.375,113.875,0.3860940593957016,4,0.6666666666666666,mixed sign
ssp245,SSP2-4.5,39.375,114.125,0.3869433986720008,4,0.6666666666666666,mixed sign
ssp245,SSP2-4.5,39.375,114.375,0.3889835247757442,4,0.6666666666666666,mixed sign
ssp245,SSP2-4.5,39.375,114.625,-0.0747714491955102,3,0.5,mixed sign
ssp245,SSP2-4.5,39.375,114.875,-0.0747714491955102,3,0.5,mixed sign
ssp245,SSP2-4.5,39.375,115.125,-0.0748182832017949,3,0.5,mixed sign
ssp245,SSP2-4.5,39.375,115.375,-0.0762249617130965,3,0.5,mixed sign
ssp245,SSP2-4.5,39.375,115.625,-0.1464212489356704,3,0.5,mixed sign
ssp245,SSP2-4.5,39.375,115.875,-0.3229791509466295,4,0.6666666666666666,mixed sign
ssp245,SSP2-4.5,39.375,116.125,-0.3229791509466087,4,0.6666666666666666,mixed sign
ssp245,SSP2-4.5,39.375,116.375,-0.3229791509465949,4,0.6666666666666666,mixed sign
ssp245,SSP2-4.5,39.375,116.625,-0.3274350949460403,4,0.6666666666666666,mixed sign
ssp245,SSP2-4.5,39.375,116.875,-0.6220958638740017,4,0.6666666666666666,mixed sign
ssp245,SSP2-4.5,39.375,117.125,-0.6026246426774742,4,0.6666666666666666,mixed sign
ssp245,SSP2-4.5,39.375,117.375,-0.6026246426774537,4,0.6666666666666666,mixed sign
ssp245,SSP2-4.5,39.375,117.625,-0.6026246426775124,4,0.6666666666666666,mixed sign
ssp245,SSP2-4.5,39.375,117.875,-0.60262464267742,4,0.6666666666666666,mixed sign
ssp245,SSP2-4.5,39.375,118.125,-0.5409172450262281,4,0.6666666666666666,mixed sign
ssp245,SSP2-4.5,39.375,118.375,-0.0143164068808325,3,0.5,mixed sign
ssp245,SSP2-4.5,39.375,118.625,-0.4728602297332462,4,0.6666666666666666,mixed sign
ssp245,SSP2-4.5,39.375,118.875,-1.3854564028368763,4,0.6666666666666666,mixed sign
ssp245,SSP2-4.5,39.375,119.125,-1.3854564028368284,4,0.6666666666666666,mixed sign
ssp245,SSP2-4.5,39.625,112.625,-0.2269288336577126,4,0.6666666666666666,mixed sign
ssp245,SSP2-4.5,39.625,112.875,-0.2279627963583532,4,0.6666666666666666,mixed sign
ssp245,SSP2-4.5,39.625,113.125,0.0014512941607289,3,0.5,mixed sign
ssp245,SSP2-4.5,39.625,113.375,0.2429420251892819,4,0.6666666666666666,mixed sign
ssp245,SSP2-4.5,39.625,113.625,0.243634480722771,4,0.6666666666666666,mixed sign
ssp245,SSP2-4.5,39.625,113.875,0.2436344807227142,4,0.6666666666666666,mixed sign
ssp245,SSP2-4.5,39.625,114.125,0.2433852427940097,4,0.6666666666666666,mixed sign
ssp245,SSP2-4.5,39.625,114.375,-0.0152882976221766,3,0.5,mixed sign
ssp245,SSP2-4.5,39.625,114.625,-0.1448764939376037,3,0.5,mixed sign
ssp245,SSP2-4.5,39.625,114.875,-0.1448764939376583,3,0.5,mixed sign
ssp245,SSP2-4.5,39.625,115.125,-0.144876493937665,3,0.5,mixed sign
ssp245,SSP2-4.5,39.625,115.375,-0.1462624419277789,3,0.5,mixed sign
ssp245,SSP2-4.5,39.625,115.625,-0.1966204994839251,3,0.5,mixed sign
ssp245,SSP2-4.5,39.625,115.875,-0.2733802479691638,4,0.6666666666666666,mixed sign
ssp245,SSP2-4.5,39.625,116.125,-0.2735387343380022,4,0.6666666666666666,mixed sign
ssp245,SSP2-4.5,39.625,116.375,-0.2735387343379694,4,0.6666666666666666,mixed sign
ssp245,SSP2-4.5,39.625,116.625,-0.2778361920283285,4,0.6666666666666666,mixed sign
ssp245,SSP2-4.5,39.625,116.875,-0.4417546378673906,4,0.6666666666666666,mixed sign
ssp245,SSP2-4.5,39.625,117.125,-0.5760593376278822,4,0.6666666666666666,mixed sign
ssp245,SSP2-4.5,39.625,117.375,-0.5770483608022785,4,0.6666666666666666,mixed sign
ssp245,SSP2-4.5,39.625,117.625,-0.5770483608023238,4,0.6666666666666666,mixed sign
ssp245,SSP2-4.5,39.625,117.875,-0.5760593376276637,4,0.6666666666666666,mixed sign
ssp245,SSP2-4.5,39.625,118.125,-1.5015927587409723,4,0.6666666666666666,mixed sign
ssp245,SSP2-4.5,39.625,118.375,-1.6612861897584426,4,0.6666666666666666,mixed sign
ssp245,SSP2-4.5,39.625,118.625,-1.6604047674344191,5,0.8333333333333334,robust drying (>=5/6)
ssp245,SSP2-4.5,39.625,118.875,-3.024221349643488,5,0.8333333333333334,robust drying (>=5/6)
ssp245,SSP2-4.5,39.625,119.125,-3.025102771967409,5,0.8333333333333334,robust drying (>=5/6)
ssp245,SSP2-4.5,39.875,112.875,-0.2623089216859073,4,0.6666666666666666,mixed sign
ssp245,SSP2-4.5,39.875,113.125,-0.3895436876967348,4,0.6666666666666666,mixed sign
ssp245,SSP2-4.5,39.875,113.375,0.1366818578091315,4,0.6666666666666666,mixed sign
ssp245,SSP2-4.5,39.875,113.625,0.1366818578091937,4,0.6666666666666666,mixed sign
ssp245,SSP2-4.5,39.875,113.875,0.1366818578091395,4,0.6666666666666666,mixed sign
ssp245,SSP2-4.5,39.875,114.125,0.1371250754173623,4,0.6666666666666666,mixed sign
ssp245,SSP2-4.5,39.875,114.375,-0.2122608862194006,4,0.6666666666666666,mixed sign
ssp245,SSP2-4.5,39.875,114.625,-0.2982280629452032,4,0.6666666666666666,mixed sign
ssp245,SSP2-4.5,39.875,114.875,-0.2982280629452081,4,0.6666666666666666,mixed sign
ssp245,SSP2-4.5,39.875,115.125,-0.2982280629452543,4,0.6666666666666666,mixed sign
ssp245,SSP2-4.5,39.875,115.375,-0.2982280629452472,4,0.6666666666666666,mixed sign
ssp245,SSP2-4.5,39.875,115.625,-0.2736450270191444,4,0.6666666666666666,mixed sign
ssp245,SSP2-4.5,39.875,115.875,-0.2490619910929172,4,0.6666666666666666,mixed sign
ssp245,SSP2-4.5,39.875,116.125,-0.2490619910927041,4,0.6666666666666666,mixed sign
ssp245,SSP2-4.5,39.875,116.375,-0.2490619910927836,4,0.6666666666666666,mixed sign
ssp245,SSP2-4.5,39.875,116.625,-0.2535179352113095,4,0.6666666666666666,mixed sign
ssp245,SSP2-4.5,39.875,116.875,-0.3544998211164805,4,0.6666666666666666,mixed sign
ssp245,SSP2-4.5,39.875,117.125,-0.4242901068404217,4,0.6666666666666666,mixed sign
ssp245,SSP2-4.5,39.875,117.375,-0.4242901068404057,4,0.6666666666666666,mixed sign
ssp245,SSP2-4.5,39.875,117.625,-0.4242901068403837,4,0.6666666666666666,mixed sign
ssp245,SSP2-4.5,39.875,117.875,-0.4242901068404108,4,0.6666666666666666,mixed sign
ssp245,SSP2-4.5,39.875,118.125,-0.4531549287677869,4,0.6666666666666666,mixed sign
ssp245,SSP2-4.5,39.875,118.375,-0.4820197506953187,4,0.6666666666666666,mixed sign
ssp245,SSP2-4.5,39.875,118.625,-0.4820197506952928,5,0.8333333333333334,robust drying (>=5/6)
ssp245,SSP2-4.5,39.875,118.875,-1.797646625244428,5,0.8333333333333334,robust drying (>=5/6)
ssp245,SSP2-4.5,39.875,119.125,-1.797646625244428,5,0.8333333333333334,robust drying (>=5/6)
ssp245,SSP2-4.5,39.875,119.375,-3.5390119293223705,5,0.8333333333333334,robust drying (>=5/6)
ssp245,SSP2-4.5,40.125,112.875,-0.262308921685918,4,0.6666666666666666,mixed sign
ssp245,SSP2-4.5,40.125,113.125,-0.3895436876967897,4,0.6666666666666666,mixed sign
ssp245,SSP2-4.5,40.125,113.375,0.136681857809207,4,0.6666666666666666,mixed sign
ssp245,SSP2-4.5,40.125,113.625,0.1366818578090933,4,0.6666666666666666,mixed sign
ssp245,SSP2-4.5,40.125,113.875,0.1366818578091218,4,0.6666666666666666,mixed sign
ssp245,SSP2-4.5,40.125,114.125,0.137125075420764,4,0.6666666666666666,mixed sign
ssp245,SSP2-4.5,40.125,114.375,-0.2122608862193793,4,0.6666666666666666,mixed sign
ssp245,SSP2-4.5,40.125,114.625,-0.298228062945272,4,0.6666666666666666,mixed sign
ssp245,SSP2-4.5,40.125,114.875,-0.2982280629452472,4,0.6666666666666666,mixed sign
ssp245,SSP2-4.5,40.125,115.125,-0.2982280629451512,4,0.6666666666666666,mixed sign
ssp245,SSP2-4.5,40.125,115.375,-0.2982280629451006,4,0.6666666666666666,mixed sign
ssp245,SSP2-4.5,40.125,115.625,-0.2736450270190267,4,0.6666666666666666,mixed sign
ssp245,SSP2-4.5,40.125,115.875,-0.2490619910927267,4,0.6666666666666666,mixed sign
ssp245,SSP2-4.5,40.125,116.125,-0.2490619910927831,4,0.6666666666666666,mixed sign
ssp245,SSP2-4.5,40.125,116.375,-0.2490619910928249,4,0.6666666666666666,mixed sign
ssp245,SSP2-4.5,40.125,116.625,-0.2535179352713019,4,0.6666666666666666,mixed sign
ssp245,SSP2-4.5,40.125,116.875,-0.3544998211163268,4,0.6666666666666666,mixed sign
ssp245,SSP2-4.5,40.125,117.125,-0.4242901068403883,4,0.6666666666666666,mixed sign
ssp245,SSP2-4.5,40.125,117.375,-0.4242901068403415,4,0.6666666666666666,mixed sign
ssp245,SSP2-4.5,40.125,117.625,-0.4242901068403646,4,0.6666666666666666,mixed sign
ssp245,SSP2-4.5,40.125,117.875,-0.4242901068403812,4,0.6666666666666666,mixed sign
ssp245,SSP2-4.5,40.125,118.125,-0.4531549287678171,4,0.6666666666666666,mixed sign
ssp245,SSP2-4.5,40.125,118.375,-0.4820197506953065,4,0.6666666666666666,mixed sign
ssp245,SSP2-4.5,40.125,118.625,-0.4820197506953152,5,0.8333333333333334,robust drying (>=5/6)
ssp245,SSP2-4.5,40.125,118.875,-1.797646625244255,5,0.8333333333333334,robust drying (>=5/6)
ssp245,SSP2-4.5,40.125,119.125,-1.797646625244422,5,0.8333333333333334,robust drying (>=5/6)
ssp245,SSP2-4.5,40.125,119.375,-3.539011929322336,5,0.8333333333333334,robust drying (>=5/6)
ssp245,SSP2-4.5,40.375,113.125,-0.3895436876968006,4,0.6666666666666666,mixed sign
ssp245,SSP2-4.5,40.375,113.375,0.2493685725785996,4,0.6666666666666666,mixed sign
ssp245,SSP2-4.5,40.375,113.625,0.2491264417829275,4,0.6666666666666666,mixed sign
ssp245,SSP2-4.5,40.375,113.875,0.2493685725787573,4,0.6666666666666666,mixed sign
ssp245,SSP2-4.5,40.375,114.125,0.2233727815800081,4,0.6666666666666666,mixed sign
ssp245,SSP2-4.5,40.375,114.375,-0.2122608862194752,4,0.6666666666666666,mixed sign
ssp245,SSP2-4.5,40.375,114.625,-0.2982280629452392,4,0.6666666666666666,mixed sign
ssp245,SSP2-4.5,40.375,114.875,-0.2982280629451974,4,0.6666666666666666,mixed sign
ssp245,SSP2-4.5,40.375,115.125,-0.2982280629452574,4,0.6666666666666666,mixed sign
ssp245,SSP2-4.5,40.375,115.375,-0.2982280629451299,4,0.6666666666666666,mixed sign
ssp245,SSP2-4.5,40.375,115.625,-0.2736450270189277,4,0.6666666666666666,mixed sign
ssp245,SSP2-4.5,40.375,115.875,-0.2490619910927338,4,0.6666666666666666,mixed sign
ssp245,SSP2-4.5,40.375,116.125,-0.2490619910927893,4,0.6666666666666666,mixed sign
ssp245,SSP2-4.5,40.375,116.375,-0.2490619910928959,4,0.6666666666666666,mixed sign
ssp245,SSP2-4.5,40.375,116.625,-0.2535179353312404,4,0.6666666666666666,mixed sign
ssp245,SSP2-4.5,40.375,116.875,-0.3544998211161354,4,0.6666666666666666,mixed sign
ssp245,SSP2-4.5,40.375,117.125,-0.4242901068403837,4,0.6666666666666666,mixed sign
ssp245,SSP2-4.5,40.375,117.375,-0.4242901068401901,4,0.6666666666666666,mixed sign
ssp245,SSP2-4.5,40.375,117.625,-0.4242901068402784,4,0.6666666666666666,mixed sign
ssp245,SSP2-4.5,40.375,117.875,-0.4242901068403812,4,0.6666666666666666,mixed sign
ssp245,SSP2-4.5,40.375,118.125,-0.4531549287678997,4,0.6666666666666666,mixed sign
ssp245,SSP2-4.5,40.375,118.375,-0.482019750695333,4,0.6666666666666666,mixed sign
ssp245,SSP2-4.5,40.375,118.625,-0.4820197506953187,5,0.8333333333333334,robust drying (>=5/6)
ssp245,SSP2-4.5,40.375,118.875,-0.9173248916150404,5,0.8333333333333334,robust drying (>=5/6)
ssp245,SSP2-4.5,40.375,119.125,-0.9213046223851666,5,0.8333333333333334,robust drying (>=5/6)
ssp245,SSP2-4.5,40.625,113.625,0.0386261370205736,3,0.5,mixed sign
ssp245,SSP2-4.5,40.625,113.875,0.0534822286065093,3,0.5,mixed sign
ssp245,SSP2-4.5,40.625,114.125,0.0249946954874,3,0.5,mixed sign
ssp245,SSP2-4.5,40.625,114.375,-0.134748319347147,3,0.5,mixed sign
ssp245,SSP2-4.5,40.625,114.875,-0.1347483193471532,3,0.5,mixed sign
ssp245,SSP2-4.5,40.625,115.125,-0.134748319347147,3,0.5,mixed sign
ssp245,SSP2-4.5,40.625,115.375,-0.0718865428081221,3,0.5,mixed sign
ssp245,SSP2-4.5,40.625,115.625,-0.0766249140160031,3,0.5,mixed sign
ssp245,SSP2-4.5,40.625,115.875,-0.2067847781716763,4,0.6666666666666666,mixed sign
ssp245,SSP2-4.5,40.625,116.125,-0.2068859903391078,4,0.6666666666666666,mixed sign
ssp245,SSP2-4.5,40.625,116.375,-0.2068859903392965,4,0.6666666666666666,mixed sign
ssp245,SSP2-4.5,40.625,116.625,-0.2112407224702739,4,0.6666666666666666,mixed sign
ssp245,SSP2-4.5,40.625,116.875,-0.2013046143752785,3,0.5,mixed sign
ssp245,SSP2-4.5,40.625,117.125,-0.2013046143753121,3,0.5,mixed sign
ssp245,SSP2-4.5,40.625,117.375,-0.201304614375273,3,0.5,mixed sign
ssp245,SSP2-4.5,40.625,117.625,-0.1790827322549175,3,0.5,mixed sign
ssp245,SSP2-4.5,40.625,117.875,-0.1716754366175783,3,0.5,mixed sign
ssp245,SSP2-4.5,40.625,118.125,-0.1716754366176369,3,0.5,mixed sign
ssp245,SSP2-4.5,40.625,118.375,-0.1716754366175783,3,0.5,mixed sign
ssp245,SSP2-4.5,40.625,118.625,-0.1699066998193112,3,0.5,mixed sign
ssp245,SSP2-4.5,40.625,118.875,-0.1699066998186773,3,0.5,mixed sign
ssp245,SSP2-4.5,40.625,119.125,-0.1691577703486193,3,0.5,mixed sign
ssp245,SSP2-4.5,40.875,113.875,0.0592038078701375,3,0.5,mixed sign
ssp245,SSP2-4.5,40.875,114.125,0.0249946950773733,3,0.5,mixed sign
ssp245,SSP2-4.5,40.875,114.875,-0.134748319347147,3,0.5,mixed sign
ssp245,SSP2-4.5,40.875,115.125,-0.134748319347115,3,0.5,mixed sign
ssp245,SSP2-4.5,40.875,115.375,-0.0718865429695121,3,0.5,mixed sign
ssp245,SSP2-4.5,40.875,115.625,-0.0558233672319108,3,0.5,mixed sign
ssp245,SSP2-4.5,40.875,115.875,-0.2021686550112935,3,0.5,mixed sign
ssp245,SSP2-4.5,40.875,116.125,-0.2021686550111701,3,0.5,mixed sign
ssp245,SSP2-4.5,40.875,116.375,-0.2021686550111101,3,0.5,mixed sign
ssp245,SSP2-4.5,40.875,116.625,-0.2066245993697202,3,0.5,mixed sign
ssp245,SSP2-4.5,40.875,116.875,-0.2013046143753112,3,0.5,mixed sign
ssp245,SSP2-4.5,40.875,117.125,-0.2013046143753345,3,0.5,mixed sign
ssp245,SSP2-4.5,40.875,117.375,-0.2013046143752153,3,0.5,mixed sign
ssp245,SSP2-4.5,40.875,117.625,-0.1790827323118853,3,0.5,mixed sign
ssp245,SSP2-4.5,40.875,117.875,-0.1716754366175703,3,0.5,mixed sign
ssp245,SSP2-4.5,40.875,118.125,-0.1716754366175312,3,0.5,mixed sign
ssp245,SSP2-4.5,40.875,118.375,-0.1716754366178305,3,0.5,mixed sign
ssp245,SSP2-4.5,40.875,118.625,-0.1350279250798165,3,0.5,mixed sign
ssp245,SSP2-4.5,40.875,118.875,-0.1350279250798165,3,0.5,mixed sign
ssp245,SSP2-4.5,40.875,119.125,-0.1350279250798165,3,0.5,mixed sign
ssp245,SSP2-4.5,41.125,116.375,-0.2021686550111656,3,0.5,mixed sign
ssp245,SSP2-4.5,41.125,116.625,-0.2066245994298907,3,0.5,mixed sign
ssp245,SSP2-4.5,41.125,116.875,-0.2013046143752925,3,0.5,mixed sign
ssp245,SSP2-4.5,41.125,117.125,-0.2013046143753849,3,0.5,mixed sign
ssp245,SSP2-4.5,41.125,117.375,-0.2013046143753072,3,0.5,mixed sign
ssp245,SSP2-4.5,41.125,117.625,-0.1790827323691008,3,0.5,mixed sign
ssp245,SSP2-4.5,41.125,117.875,-0.1716754366175863,3,0.5,mixed sign
ssp245,SSP2-4.5,41.375,116.125,-0.2415983337678877,4,0.6666666666666666,mixed sign
ssp245,SSP2-4.5,41.375,116.375,-0.2415983337678966,4,0.6666666666666666,mixed sign
ssp245,SSP2-4.5,41.375,116.625,-0.2467115919626363,4,0.6666666666666666,mixed sign
ssp245,SSP2-4.5,41.375,116.875,-0.1993729676089974,3,0.5,mixed sign
ssp245,SSP2-4.5,41.375,117.125,-0.1993729676090281,3,0.5,mixed sign
ssp245,SSP2-4.5,41.375,117.375,-0.1990891619600134,3,0.5,mixed sign
ssp245,SSP2-4.5,41.375,117.625,-0.1760803947202089,3,0.5,mixed sign
ssp245,SSP2-4.5,41.375,117.875,-0.1689804243812587,3,0.5,mixed sign
ssp245,SSP2-4.5,41.625,116.125,-0.5061928118936319,4,0.6666666666666666,mixed sign
ssp245,SSP2-4.5,41.625,116.375,-0.5061928118935981,4,0.6666666666666666,mixed sign
ssp245,SSP2-4.5,41.625,116.625,-0.5106487564328184,4,0.6666666666666666,mixed sign
ssp245,SSP2-4.5,41.625,116.875,-0.3427261633735858,4,0.6666666666666666,mixed sign
ssp245,SSP2-4.5,41.625,117.125,-0.1436119705540373,3,0.5,mixed sign
ssp245,SSP2-4.5,41.625,117.375,-0.1436119705540668,3,0.5,mixed sign
ssp245,SSP2-4.5,41.625,117.625,-0.1436119705539793,3,0.5,mixed sign
ssp245,SSP2-4.5,41.625,117.875,-0.1436119705540692,3,0.5,mixed sign
ssp245,SSP2-4.5,41.875,116.125,-0.3953446461255493,4,0.6666666666666666,mixed sign
ssp245,SSP2-4.5,41.875,116.375,-0.3936786060177625,4,0.6666666666666666,mixed sign
ssp245,SSP2-4.5,41.875,116.625,-0.3935539093462193,4,0.6666666666666666,mixed sign
ssp245,SSP2-4.5,41.875,116.875,-0.2088194583599022,4,0.6666666666666666,mixed sign
ssp245,SSP2-4.5,41.875,117.125,-0.0120526208222979,3,0.5,mixed sign
ssp245,SSP2-4.5,41.875,117.375,-0.0138782021658888,3,0.5,mixed sign
ssp245,SSP2-4.5,42.125,116.125,-0.3013803461800002,3,0.5,mixed sign
ssp245,SSP2-4.5,42.125,116.375,-0.3013803461798918,3,0.5,mixed sign
ssp245,SSP2-4.5,42.125,116.625,-0.3013803461799114,3,0.5,mixed sign
ssp245,SSP2-4.5,42.125,116.875,-0.1022661533604072,3,0.5,mixed sign
ssp245,SSP2-4.5,42.125,117.125,0.0968480394592603,3,0.5,mixed sign
ssp245,SSP2-4.5,42.125,117.375,0.0968480394590507,3,0.5,mixed sign
ssp245,SSP2-4.5,42.375,116.375,-0.2391261157275481,3,0.5,mixed sign
ssp245,SSP2-4.5,42.375,116.625,-0.2387503795789491,3,0.5,mixed sign
ssp245,SSP2-4.5,42.375,116.875,-0.1828044257778351,3,0.5,mixed sign
ssp370,SSP3-7.0,35.375,113.875,0.4497238103874448,3,0.5,mixed sign
ssp370,SSP3-7.0,35.375,114.125,0.5204709133273324,4,0.6666666666666666,mixed sign
ssp370,SSP3-7.0,35.625,113.625,0.4072755485315031,3,0.5,mixed sign
ssp370,SSP3-7.0,35.625,113.875,0.4497238105177565,3,0.5,mixed sign
ssp370,SSP3-7.0,35.625,114.125,0.5204709133273298,4,0.6666666666666666,mixed sign
ssp370,SSP3-7.0,35.625,114.375,0.5204709133273449,4,0.6666666666666666,mixed sign
ssp370,SSP3-7.0,35.875,113.625,0.1376370270928859,3,0.5,mixed sign
ssp370,SSP3-7.0,35.875,113.875,0.1800852892096518,3,0.5,mixed sign
ssp370,SSP3-7.0,35.875,114.125,0.2495154251835787,4,0.6666666666666666,mixed sign
ssp370,SSP3-7.0,35.875,114.375,0.4350531772164627,4,0.6666666666666666,mixed sign
ssp370,SSP3-7.0,35.875,114.625,0.5747888438670605,4,0.6666666666666666,mixed sign
ssp370,SSP3-7.0,35.875,115.125,0.6170361234291777,4,0.6666666666666666,mixed sign
ssp370,SSP3-7.0,36.125,113.125,-0.0223911121947519,3,0.5,mixed sign
ssp370,SSP3-7.0,36.125,113.375,0.0252103735395756,3,0.5,mixed sign
ssp370,SSP3-7.0,36.125,113.625,0.0252103735396538,3,0.5,mixed sign
ssp370,SSP3-7.0,36.125,113.875,0.0252103735395401,3,0.5,mixed sign
ssp370,SSP3-7.0,36.125,114.125,0.0904634651815508,4,0.6666666666666666,mixed sign
ssp370,SSP3-7.0,36.125,114.375,0.3163294063638711,4,0.6666666666666666,mixed sign
ssp370,SSP3-7.0,36.125,114.625,0.5421953475461292,4,0.6666666666666666,mixed sign
ssp370,SSP3-7.0,36.125,114.875,0.5421953475461487,4,0.6666666666666666,mixed sign
ssp370,SSP3-7.0,36.125,115.125,0.5421953475461772,4,0.6666666666666666,mixed sign
ssp370,SSP3-7.0,36.125,115.375,0.9486987535047612,5,0.8333333333333334,robust wetting (>=5/6)
ssp370,SSP3-7.0,36.125,115.625,1.1622247965171209,5,0.8333333333333334,robust wetting (>=5/6)
ssp370,SSP3-7.0,36.125,115.875,1.1776324879571067,5,0.8333333333333334,robust wetting (>=5/6)
ssp370,SSP3-7.0,36.375,112.625,-0.0342908268736099,4,0.6666666666666666,mixed sign
ssp370,SSP3-7.0,36.375,112.875,-0.034048620687983,4,0.6666666666666666,mixed sign
ssp370,SSP3-7.0,36.375,113.125,0.0219701321612184,3,0.5,mixed sign
ssp370,SSP3-7.0,36.375,113.375,0.0782311209686108,3,0.5,mixed sign
ssp370,SSP3-7.0,36.375,113.625,0.0792000449515573,3,0.5,mixed sign
ssp370,SSP3-7.0,36.375,113.875,0.0537041829999278,3,0.5,mixed sign
ssp370,SSP3-7.0,36.375,114.125,0.0102650872341771,3,0.5,mixed sign
ssp370,SSP3-7.0,36.375,114.375,0.2369387995224241,3,0.5,mixed sign
ssp370,SSP3-7.0,36.375,114.625,0.4392613651265686,3,0.5,mixed sign
ssp370,SSP3-7.0,36.375,114.875,0.4638500219546659,3,0.5,mixed sign
ssp370,SSP3-7.0,36.375,115.125,0.4640875749248763,3,0.5,mixed sign
ssp370,SSP3-7.0,36.375,115.375,0.9486987520275152,4,0.6666666666666666,mixed sign
ssp370,SSP3-7.0,36.375,115.625,1.0919541855928756,4,0.6666666666666666,mixed sign
ssp370,SSP3-7.0,36.375,115.875,1.1065450257873453,4,0.6666666666666666,mixed sign
ssp370,SSP3-7.0,36.375,116.125,1.1783811935981543,4,0.6666666666666666,mixed sign
ssp370,SSP3-7.0,36.625,112.875,-0.0175739034803363,3,0.5,mixed sign
ssp370,SSP3-7.0,36.625,113.125,0.0379604270736946,4,0.6666666666666666,mixed sign
ssp370,SSP3-7.0,36.625,113.375,0.0934947576279006,4,0.6666666666666666,mixed sign
ssp370,SSP3-7.0,36.625,113.625,0.0934947576279627,4,0.6666666666666666,mixed sign
ssp370,SSP3-7.0,36.625,113.875,0.0581600333238041,3,0.5,mixed sign
ssp370,SSP3-7.0,36.625,114.125,-0.0007311722682876,3,0.5,mixed sign
ssp370,SSP3-7.0,36.625,114.375,0.2251347689140839,3,0.5,mixed sign
ssp370,SSP3-7.0,36.625,114.625,0.3055291968909377,3,0.5,mixed sign
ssp370,SSP3-7.0,36.625,114.875,0.3017960646483117,3,0.5,mixed sign
ssp370,SSP3-7.0,36.625,115.125,0.3017960646482995,3,0.5,mixed sign
ssp370,SSP3-7.0,36.625,115.375,0.7994941050985069,4,0.6666666666666666,mixed sign
ssp370,SSP3-7.0,36.625,115.625,0.938179375186035,4,0.6666666666666666,mixed sign
ssp370,SSP3-7.0,36.625,115.875,0.9535870666261568,4,0.6666666666666666,mixed sign
ssp370,SSP3-7.0,36.625,116.125,1.1783811935982484,4,0.6666666666666666,mixed sign
ssp370,SSP3-7.0,36.625,116.375,1.11271783171396,4,0.6666666666666666,mixed sign
ssp370,SSP3-7.0,36.625,116.625,0.9157277566414112,5,0.8333333333333334,robust wetting (>=5/6)
ssp370,SSP3-7.0,36.875,112.875,0.0455528619406235,4,0.6666666666666666,mixed sign
ssp370,SSP3-7.0,36.875,113.125,0.0223746529786987,4,0.6666666666666666,mixed sign
ssp370,SSP3-7.0,36.875,113.375,-0.010742591163031,3,0.5,mixed sign
ssp370,SSP3-7.0,36.875,113.625,-0.0105197906866303,3,0.5,mixed sign
ssp370,SSP3-7.0,36.875,113.875,-0.0458545151006419,4,0.6666666666666666,mixed sign
ssp370,SSP3-7.0,36.875,114.125,-0.1049685210593009,4,0.6666666666666666,mixed sign
ssp370,SSP3-7.0,36.875,114.375,0.0629333569644916,3,0.5,mixed sign
ssp370,SSP3-7.0,36.875,114.625,0.2317858156689052,3,0.5,mixed sign
ssp370,SSP3-7.0,36.875,114.875,0.2322543361246145,3,0.5,mixed sign
ssp370,SSP3-7.0,36.875,115.125,0.2322543361246218,3,0.5,mixed sign
ssp370,SSP3-7.0,36.875,115.375,0.7035567893184673,4,0.6666666666666666,mixed sign
ssp370,SSP3-7.0,36.875,115.625,0.5596190252182485,4,0.6666666666666666,mixed sign
ssp370,SSP3-7.0,36.875,115.875,0.4118820469935738,4,0.6666666666666666,mixed sign
ssp370,SSP3-7.0,36.875,116.125,0.4151786594237112,4,0.6666666666666666,mixed sign
ssp370,SSP3-7.0,36.875,116.375,0.4151786594236757,4,0.6666666666666666,mixed sign
ssp370,SSP3-7.0,36.875,116.625,0.5239075538095228,5,0.8333333333333334,robust wetting (>=5/6)
ssp370,SSP3-7.0,36.875,116.875,0.4179111630270915,5,0.8333333333333334,robust wetting (>=5/6)
ssp370,SSP3-7.0,37.125,112.875,0.0455528619405898,4,0.6666666666666666,mixed sign
ssp370,SSP3-7.0,37.125,113.125,0.0221024001689462,4,0.6666666666666666,mixed sign
ssp370,SSP3-7.0,37.125,113.375,0.0272401309038077,4,0.6666666666666666,mixed sign
ssp370,SSP3-7.0,37.125,113.625,0.0271557846989933,4,0.6666666666666666,mixed sign
ssp370,SSP3-7.0,37.125,113.875,-0.0040790088421314,3,0.5,mixed sign
ssp370,SSP3-7.0,37.125,114.125,-0.0250553135529569,4,0.6666666666666666,mixed sign
ssp370,SSP3-7.0,37.125,114.375,0.0783392002027234,3,0.5,mixed sign
ssp370,SSP3-7.0,37.125,114.625,0.2453112308050844,3,0.5,mixed sign
ssp370,SSP3-7.0,37.125,114.875,0.2453112308052141,3,0.5,mixed sign
ssp370,SSP3-7.0,37.125,115.125,0.2455672287504295,3,0.5,mixed sign
ssp370,SSP3-7.0,37.125,115.375,0.3514685243391513,4,0.6666666666666666,mixed sign
ssp370,SSP3-7.0,37.125,115.625,0.2421438115556577,4,0.6666666666666666,mixed sign
ssp370,SSP3-7.0,37.125,115.875,0.0967294672113414,4,0.6666666666666666,mixed sign
ssp370,SSP3-7.0,37.125,116.125,0.0961429024022662,4,0.6666666666666666,mixed sign
ssp370,SSP3-7.0,37.125,116.375,0.1272509129551267,4,0.6666666666666666,mixed sign
ssp370,SSP3-7.0,37.125,116.625,0.3799185083790715,5,0.8333333333333334,robust wetting (>=5/6)
ssp370,SSP3-7.0,37.125,116.875,0.2537080999701571,5,0.8333333333333334,robust wetting (>=5/6)
ssp370,SSP3-7.0,37.125,117.125,0.2492150612879475,4,0.6666666666666666,mixed sign
ssp370,SSP3-7.0,37.375,113.875,-0.0008178907302802,3,0.5,mixed sign
ssp370,SSP3-7.0,37.375,114.125,-0.0216384251374464,3,0.5,mixed sign
ssp370,SSP3-7.0,37.375,114.375,0.0831280054143253,3,0.5,mixed sign
ssp370,SSP3-7.0,37.375,114.625,0.2503560339619328,3,0.5,mixed sign
ssp370,SSP3-7.0,37.375,114.875,0.2503560339620296,3,0.5,mixed sign
ssp370,SSP3-7.0,37.375,115.125,0.2503560339618618,3,0.5,mixed sign
ssp370,SSP3-7.0,37.375,115.375,0.3366886423078599,4,0.6666666666666666,mixed sign
ssp370,SSP3-7.0,37.375,115.625,0.2194652716771692,4,0.6666666666666666,mixed sign
ssp370,SSP3-7.0,37.375,115.875,0.0734643625239135,4,0.6666666666666666,mixed sign
ssp370,SSP3-7.0,37.375,116.125,0.0734643625239757,4,0.6666666666666666,mixed sign
ssp370,SSP3-7.0,37.375,116.375,0.1099531081822018,4,0.6666666666666666,mixed sign
ssp370,SSP3-7.0,37.375,116.625,0.3740291130265638,5,0.8333333333333334,robust wetting (>=5/6)
ssp370,SSP3-7.0,37.375,116.875,0.2475038723232145,5,0.8333333333333334,robust wetting (>=5/6)
ssp370,SSP3-7.0,37.375,117.125,0.2430108336408993,4,0.6666666666666666,mixed sign
ssp370,SSP3-7.0,37.375,117.375,0.2430108336408478,4,0.6666666666666666,mixed sign
ssp370,SSP3-7.0,37.375,117.625,-0.2196916666896449,3,0.5,mixed sign
ssp370,SSP3-7.0,37.375,117.875,-0.2196916666895791,3,0.5,mixed sign
ssp370,SSP3-7.0,37.625,113.875,0.014313161784222,3,0.5,mixed sign
ssp370,SSP3-7.0,37.625,114.125,-0.0063541308200374,3,0.5,mixed sign
ssp370,SSP3-7.0,37.625,114.375,0.0754075975321093,3,0.5,mixed sign
ssp370,SSP3-7.0,37.625,114.625,0.2198407506242343,3,0.5,mixed sign
ssp370,SSP3-7.0,37.625,114.875,0.2201465915065341,3,0.5,mixed sign
ssp370,SSP3-7.0,37.625,115.125,0.2201465915065519,3,0.5,mixed sign
ssp370,SSP3-7.0,37.625,115.375,0.3061733587536448,4,0.6666666666666666,mixed sign
ssp370,SSP3-7.0,37.625,115.625,0.2099460553492518,4,0.6666666666666666,mixed sign
ssp370,SSP3-7.0,37.625,115.875,0.0515863211263054,4,0.6666666666666666,mixed sign
ssp370,SSP3-7.0,37.625,116.125,0.0548875457230311,4,0.6666666666666666,mixed sign
ssp370,SSP3-7.0,37.625,116.375,0.0548875457229458,4,0.6666666666666666,mixed sign
ssp370,SSP3-7.0,37.625,116.625,0.2070925369743537,5,0.8333333333333334,robust wetting (>=5/6)
ssp370,SSP3-7.0,37.625,116.875,0.280716342725209,4,0.6666666666666666,mixed sign
ssp370,SSP3-7.0,37.625,117.125,0.3289317439967334,4,0.6666666666666666,mixed sign
ssp370,SSP3-7.0,37.625,117.375,0.328070509312103,4,0.6666666666666666,mixed sign
ssp370,SSP3-7.0,37.625,117.625,-0.4818673811844149,3,0.5,mixed sign
ssp370,SSP3-7.0,37.625,117.875,-0.4845217981654981,3,0.5,mixed sign
ssp370,SSP3-7.0,37.625,118.125,-1.817135369897886,4,0.6666666666666666,mixed sign
ssp370,SSP3-7.0,37.875,113.875,-0.0048334758410342,3,0.5,mixed sign
ssp370,SSP3-7.0,37.875,114.125,-0.0845452156013211,3,0.5,mixed sign
ssp370,SSP3-7.0,37.875,114.375,-0.1470068132839816,4,0.6666666666666666,mixed sign
ssp370,SSP3-7.0,37.875,114.625,-0.0353656219825291,3,0.5,mixed sign
ssp370,SSP3-7.0,37.875,114.875,-0.0353656219826081,3,0.5,mixed sign
ssp370,SSP3-7.0,37.875,115.125,-0.0353656219826454,3,0.5,mixed sign
ssp370,SSP3-7.0,37.875,115.375,0.0509669859299952,4,0.6666666666666666,mixed sign
ssp370,SSP3-7.0,37.875,115.625,-0.0318966664153435,3,0.5,mixed sign
ssp370,SSP3-7.0,37.875,115.875,-0.0318966664154558,3,0.5,mixed sign
ssp370,SSP3-7.0,37.875,116.125,-0.0318966664154554,3,0.5,mixed sign
ssp370,SSP3-7.0,37.875,116.375,-0.0088291554519641,3,0.5,mixed sign
ssp370,SSP3-7.0,37.875,116.625,0.2511416573666682,4,0.6666666666666666,mixed sign
ssp370,SSP3-7.0,37.875,116.875,0.4632760250789962,4,0.6666666666666666,mixed sign
ssp370,SSP3-7.0,37.875,117.125,0.651347989547931,4,0.6666666666666666,mixed sign
ssp370,SSP3-7.0,37.875,117.375,0.6513479895478307,4,0.6666666666666666,mixed sign
ssp370,SSP3-7.0,37.875,117.625,-1.2457298527821647,3,0.5,mixed sign
ssp370,SSP3-7.0,37.875,117.875,-1.245729852782175,3,0.5,mixed sign
ssp370,SSP3-7.0,37.875,118.125,-1.4326844750294805,4,0.6666666666666666,mixed sign
ssp370,SSP3-7.0,38.125,113.875,0.0244796926323465,3,0.5,mixed sign
ssp370,SSP3-7.0,38.125,114.125,-0.0344115122960753,3,0.5,mixed sign
ssp370,SSP3-7.0,38.125,114.375,-0.040144374664143,3,0.5,mixed sign
ssp370,SSP3-7.0,38.125,114.625,0.0710194405254656,4,0.6666666666666666,mixed sign
ssp370,SSP3-7.0,38.125,114.875,0.071019440525526,4,0.6666666666666666,mixed sign
ssp370,SSP3-7.0,38.125,115.125,0.0714968166372633,4,0.6666666666666666,mixed sign
ssp370,SSP3-7.0,38.125,115.375,0.0943269191638078,4,0.6666666666666666,mixed sign
ssp370,SSP3-7.0,38.125,115.625,-0.0099959471573694,3,0.5,mixed sign
ssp370,SSP3-7.0,38.125,115.875,-0.0100450012910624,3,0.5,mixed sign
ssp370,SSP3-7.0,38.125,116.125,-0.0099959471573134,3,0.5,mixed sign
ssp370,SSP3-7.0,38.125,116.375,-0.0483267915180016,3,0.5,mixed sign
ssp370,SSP3-7.0,38.125,116.625,-0.0012293849857849,3,0.5,mixed sign
ssp370,SSP3-7.0,38.125,116.875,0.1880774634927036,3,0.5,mixed sign
ssp370,SSP3-7.0,38.125,117.125,0.3761494279616277,3,0.5,mixed sign
ssp370,SSP3-7.0,38.125,117.375,0.3749145439520056,3,0.5,mixed sign
ssp370,SSP3-7.0,38.125,117.625,-1.2457298527823588,3,0.5,mixed sign
ssp370,SSP3-7.0,38.125,117.875,-1.2457298527824618,3,0.5,mixed sign
ssp370,SSP3-7.0,38.375,112.875,0.1445028033754933,4,0.6666666666666666,mixed sign
ssp370,SSP3-7.0,38.375,113.375,0.0598144176001733,4,0.6666666666666666,mixed sign
ssp370,SSP3-7.0,38.375,113.625,0.0598144176001484,4,0.6666666666666666,mixed sign
ssp370,SSP3-7.0,38.375,113.875,0.0244796925206371,3,0.5,mixed sign
ssp370,SSP3-7.0,38.375,114.125,-0.0344115122963204,3,0.5,mixed sign
ssp370,SSP3-7.0,38.375,114.375,0.0239840539839155,3,0.5,mixed sign
ssp370,SSP3-7.0,38.375,114.625,0.1899084689850285,4,0.6666666666666666,mixed sign
ssp370,SSP3-7.0,38.375,114.875,0.1899084689851022,4,0.6666666666666666,mixed sign
ssp370,SSP3-7.0,38.375,115.125,0.1899084689851902,4,0.6666666666666666,mixed sign
ssp370,SSP3-7.0,38.375,115.375,0.1420087287148161,4,0.6666666666666666,mixed sign
ssp370,SSP3-7.0,38.375,115.625,0.0144009553449035,3,0.5,mixed sign
ssp370,SSP3-7.0,38.375,115.875,-0.0088291554519184,3,0.5,mixed sign
ssp370,SSP3-7.0,38.375,116.125,-0.0088291554519355,3,0.5,mixed sign
ssp370,SSP3-7.0,38.375,116.375,-0.10637035554549,4,0.6666666666666666,mixed sign
ssp370,SSP3-7.0,38.375,116.625,-0.307538489773334,3,0.5,mixed sign
ssp370,SSP3-7.0,38.375,116.875,-0.1194665253045306,3,0.5,mixed sign
ssp370,SSP3-7.0,38.375,117.125,0.0686054391646306,3,0.5,mixed sign
ssp370,SSP3-7.0,38.375,117.375,0.0686054391645436,3,0.5,mixed sign
ssp370,SSP3-7.0,38.375,117.625,-1.245729852782334,3,0.5,mixed sign
ssp370,SSP3-7.0,38.625,112.875,0.1445028033754924,4,0.6666666666666666,mixed sign
ssp370,SSP3-7.0,38.625,113.125,0.1931222524345637,4,0.6666666666666666,mixed sign
ssp370,SSP3-7.0,38.625,113.375,0.155158209343619,4,0.6666666666666666,mixed sign
ssp370,SSP3-7.0,38.625,113.625,0.1546977223225081,4,0.6666666666666666,mixed sign
ssp370,SSP3-7.0,38.625,113.875,0.1193629971310108,3,0.5,mixed sign
ssp370,SSP3-7.0,38.625,114.125,0.0609322794477469,3,0.5,mixed sign
ssp370,SSP3-7.0,38.625,114.375,0.0782672776839215,3,0.5,mixed sign
ssp370,SSP3-7.0,38.625,114.625,0.07826727768383,3,0.5,mixed sign
ssp370,SSP3-7.0,38.625,114.875,0.0782672776837749,3,0.5,mixed sign
ssp370,SSP3-7.0,38.625,115.125,0.078267277683798,3,0.5,mixed sign
ssp370,SSP3-7.0,38.625,115.375,0.0303675375345608,3,0.5,mixed sign
ssp370,SSP3-7.0,38.625,115.625,0.01440095534495,3,0.5,mixed sign
ssp370,SSP3-7.0,38.625,115.875,-0.0756477258531347,3,0.5,mixed sign
ssp370,SSP3-7.0,38.625,116.125,-0.0753250762036534,3,0.5,mixed sign
ssp370,SSP3-7.0,38.625,116.375,-0.1063703564619373,4,0.6666666666666666,mixed sign
ssp370,SSP3-7.0,38.625,116.625,-0.3743570601744013,3,0.5,mixed sign
ssp370,SSP3-7.0,38.625,116.875,-0.2162440501700775,3,0.5,mixed sign
ssp370,SSP3-7.0,38.625,117.125,-0.0568543529245699,3,0.5,mixed sign
ssp370,SSP3-7.0,38.625,117.375,-0.056248518639415,3,0.5,mixed sign
ssp370,SSP3-7.0,38.875,112.625,0.144502803375496,4,0.6666666666666666,mixed sign
ssp370,SSP3-7.0,38.875,112.875,0.1445028033754072,4,0.6666666666666666,mixed sign
ssp370,SSP3-7.0,38.875,113.125,0.1931222523112117,4,0.6666666666666666,mixed sign
ssp370,SSP3-7.0,38.875,113.375,0.2093287376261932,4,0.6666666666666666,mixed sign
ssp370,SSP3-7.0,38.875,113.625,0.209328737626202,4,0.6666666666666666,mixed sign
ssp370,SSP3-7.0,38.875,113.875,0.1739940123231771,3,0.5,mixed sign
ssp370,SSP3-7.0,38.875,114.125,0.1058939242227572,3,0.5,mixed sign
ssp370,SSP3-7.0,38.875,114.375,0.0782672776838184,3,0.5,mixed sign
ssp370,SSP3-7.0,38.875,114.625,0.0782672776838659,3,0.5,mixed sign
ssp370,SSP3-7.0,38.875,114.875,0.0782672776838087,3,0.5,mixed sign
ssp370,SSP3-7.0,38.875,115.125,0.0782672776839037,3,0.5,mixed sign
ssp370,SSP3-7.0,38.875,115.375,0.0303675376560139,3,0.5,mixed sign
ssp370,SSP3-7.0,38.875,115.625,0.0144009553449102,3,0.5,mixed sign
ssp370,SSP3-7.0,38.875,115.875,-0.1604718987703259,4,0.6666666666666666,mixed sign
ssp370,SSP3-7.0,38.875,116.125,-0.1604718987703597,4,0.6666666666666666,mixed sign
ssp370,SSP3-7.0,38.875,116.375,-0.1604718987702451,5,0.8333333333333334,robust drying (>=5/6)
ssp370,SSP3-7.0,38.875,116.625,-0.4591812330917095,4,0.6666666666666666,mixed sign
ssp370,SSP3-7.0,38.875,116.875,-0.3376565239732416,3,0.5,mixed sign
ssp370,SSP3-7.0,38.875,117.125,-0.2161318148549762,3,0.5,mixed sign
ssp370,SSP3-7.0,38.875,117.375,-0.2161318148550028,3,0.5,mixed sign
ssp370,SSP3-7.0,39.125,112.625,-0.1756262648102167,3,0.5,mixed sign
ssp370,SSP3-7.0,39.125,112.875,-0.1766134426075418,3,0.5,mixed sign
ssp370,SSP3-7.0,39.125,113.125,-0.1299683978081711,3,0.5,mixed sign
ssp370,SSP3-7.0,39.125,113.375,-0.1167236394341517,3,0.5,mixed sign
ssp370,SSP3-7.0,39.125,113.625,-0.1206728348042842,3,0.5,mixed sign
ssp370,SSP3-7.0,39.125,113.875,-0.0921892007281379,3,0.5,mixed sign
ssp370,SSP3-7.0,39.125,114.125,-0.0458321850821443,3,0.5,mixed sign
ssp370,SSP3-7.0,39.125,114.375,-0.0715362295986814,3,0.5,mixed sign
ssp370,SSP3-7.0,39.125,114.625,-0.0700660947014983,3,0.5,mixed sign
ssp370,SSP3-7.0,39.125,114.875,-0.069048354759106,3,0.5,mixed sign
ssp370,SSP3-7.0,39.125,115.125,-0.0684829598564018,3,0.5,mixed sign
ssp370,SSP3-7.0,39.125,115.375,-0.1162696221684409,3,0.5,mixed sign
ssp370,SSP3-7.0,39.125,115.625,-0.1325754387697981,3,0.5,mixed sign
ssp370,SSP3-7.0,39.125,115.875,-0.3082398554548318,4,0.6666666666666666,mixed sign
ssp370,SSP3-7.0,39.125,116.125,-0.3094837852486161,4,0.6666666666666666,mixed sign
ssp370,SSP3-7.0,39.125,116.375,-0.3111801432741363,5,0.8333333333333334,robust drying (>=5/6)
ssp370,SSP3-7.0,39.125,116.625,-0.547439263001168,5,0.8333333333333334,robust drying (>=5/6)
ssp370,SSP3-7.0,39.125,116.875,-0.337656523973501,3,0.5,mixed sign
ssp370,SSP3-7.0,39.125,117.125,-0.2161318148550011,3,0.5,mixed sign
ssp370,SSP3-7.0,39.125,117.375,-0.2161318148549336,3,0.5,mixed sign
ssp370,SSP3-7.0,39.125,117.625,-1.368454898885473,3,0.5,mixed sign
ssp370,SSP3-7.0,39.125,118.375,0.7023212916955348,4,0.6666666666666666,mixed sign
ssp370,SSP3-7.0,39.375,112.625,-0.2936090861790827,3,0.5,mixed sign
ssp370,SSP3-7.0,39.375,112.875,-0.2935572149666836,3,0.5,mixed sign
ssp370,SSP3-7.0,39.375,113.125,-0.2250431087587141,3,0.5,mixed sign
ssp370,SSP3-7.0,39.375,113.375,-0.2023598746439796,3,0.5,mixed sign
ssp370,SSP3-7.0,39.375,113.625,-0.2024144473946456,3,0.5,mixed sign
ssp370,SSP3-7.0,39.375,113.875,-0.1438229781166471,3,0.5,mixed sign
ssp370,SSP3-7.0,39.375,114.125,-0.066571616894286,3,0.5,mixed sign
ssp370,SSP3-7.0,39.375,114.375,-0.1279239278523949,3,0.5,mixed sign
ssp370,SSP3-7.0,39.375,114.625,-0.1279358288738681,3,0.5,mixed sign
ssp370,SSP3-7.0,39.375,114.875,-0.1279358288739267,3,0.5,mixed sign
ssp370,SSP3-7.0,39.375,115.125,-0.1279239278524113,3,0.5,mixed sign
ssp370,SSP3-7.0,39.375,115.375,-0.1160358373314069,3,0.5,mixed sign
ssp370,SSP3-7.0,39.375,115.625,-0.1689381380213177,3,0.5,mixed sign
ssp370,SSP3-7.0,39.375,115.875,-0.3721615268274565,4,0.6666666666666666,mixed sign
ssp370,SSP3-7.0,39.375,116.125,-0.3721615268273965,4,0.6666666666666666,mixed sign
ssp370,SSP3-7.0,39.375,116.375,-0.3721615268273526,4,0.6666666666666666,mixed sign
ssp370,SSP3-7.0,39.375,116.625,-0.3684439548964637,4,0.6666666666666666,mixed sign
ssp370,SSP3-7.0,39.375,116.875,-0.2208962486821424,3,0.5,mixed sign
ssp370,SSP3-7.0,39.375,117.125,-0.0993715395639125,3,0.5,mixed sign
ssp370,SSP3-7.0,39.375,117.375,-0.0993715395639756,3,0.5,mixed sign
ssp370,SSP3-7.0,39.375,117.625,-0.0993715395640404,3,0.5,mixed sign
ssp370,SSP3-7.0,39.375,117.875,-0.0993715395639596,3,0.5,mixed sign
ssp370,SSP3-7.0,39.375,118.125,-0.6318147251977138,4,0.6666666666666666,mixed sign
ssp370,SSP3-7.0,39.375,118.375,0.5767748347503217,4,0.6666666666666666,mixed sign
ssp370,SSP3-7.0,39.375,118.625,0.0095588189444806,3,0.5,mixed sign
ssp370,SSP3-7.0,39.375,118.875,0.0095588189444775,3,0.5,mixed sign
ssp370,SSP3-7.0,39.375,119.125,0.0095588189445443,3,0.5,mixed sign
ssp370,SSP3-7.0,39.625,112.625,-0.3248177094273241,3,0.5,mixed sign
ssp370,SSP3-7.0,39.625,112.875,-0.3258538934125343,3,0.5,mixed sign
ssp370,SSP3-7.0,39.625,113.125,-0.3463559965921563,3,0.5,mixed sign
ssp370,SSP3-7.0,39.625,113.375,-0.3646473693494323,3,0.5,mixed sign
ssp370,SSP3-7.0,39.625,113.625,-0.3640757784721693,3,0.5,mixed sign
ssp370,SSP3-7.0,39.625,113.875,-0.305538881758393,3,0.5,mixed sign
ssp370,SSP3-7.0,39.625,114.125,-0.2085489866341117,3,0.5,mixed sign
ssp370,SSP3-7.0,39.625,114.375,-0.2048057858848579,3,0.5,mixed sign
ssp370,SSP3-7.0,39.625,114.625,-0.1992504833696609,3,0.5,mixed sign
ssp370,SSP3-7.0,39.625,114.875,-0.1985042058892347,3,0.5,mixed sign
ssp370,SSP3-7.0,39.625,115.125,-0.1985042058891917,3,0.5,mixed sign
ssp370,SSP3-7.0,39.625,115.375,-0.1992504833696369,3,0.5,mixed sign
ssp370,SSP3-7.0,39.625,115.625,-0.3379661353385041,4,0.6666666666666666,mixed sign
ssp370,SSP3-7.0,39.625,115.875,-0.4752028668096351,4,0.6666666666666666,mixed sign
ssp370,SSP3-7.0,39.625,116.125,-0.4748735851996946,4,0.6666666666666666,mixed sign
ssp370,SSP3-7.0,39.625,116.375,-0.4748735851996803,4,0.6666666666666666,mixed sign
ssp370,SSP3-7.0,39.625,116.625,-0.471485294828962,4,0.6666666666666666,mixed sign
ssp370,SSP3-7.0,39.625,116.875,-0.4770367038656264,4,0.6666666666666666,mixed sign
ssp370,SSP3-7.0,39.625,117.125,-0.5063700202645596,4,0.6666666666666666,mixed sign
ssp370,SSP3-7.0,39.625,117.375,-0.5050694479474516,4,0.6666666666666666,mixed sign
ssp370,SSP3-7.0,39.625,117.625,-0.5050694479474405,4,0.6666666666666666,mixed sign
ssp370,SSP3-7.0,39.625,117.875,-0.5063700202642043,4,0.6666666666666666,mixed sign
ssp370,SSP3-7.0,39.625,118.125,-1.5476392431981505,4,0.6666666666666666,mixed sign
ssp370,SSP3-7.0,39.625,118.375,-1.9692079003968543,4,0.6666666666666666,mixed sign
ssp370,SSP3-7.0,39.625,118.625,-2.006095256768644,5,0.8333333333333334,robust drying (>=5/6)
ssp370,SSP3-7.0,39.625,118.875,-3.962820975138513,5,0.8333333333333334,robust drying (>=5/6)
ssp370,SSP3-7.0,39.625,119.125,-3.972068860714103,5,0.8333333333333334,robust drying (>=5/6)
ssp370,SSP3-7.0,39.875,112.875,-0.484860704689352,4,0.6666666666666666,mixed sign
ssp370,SSP3-7.0,39.875,113.125,-0.4686109073349216,4,0.6666666666666666,mixed sign
ssp370,SSP3-7.0,39.875,113.375,-0.452361109980993,3,0.5,mixed sign
ssp370,SSP3-7.0,39.875,113.625,-0.4523611099808293,3,0.5,mixed sign
ssp370,SSP3-7.0,39.875,113.875,-0.3938242130803331,3,0.5,mixed sign
ssp370,SSP3-7.0,39.875,114.125,-0.2962627272654101,3,0.5,mixed sign
ssp370,SSP3-7.0,39.875,114.375,-0.3050185827724903,4,0.6666666666666666,mixed sign
ssp370,SSP3-7.0,39.875,114.625,-0.3137744382799217,4,0.6666666666666666,mixed sign
ssp370,SSP3-7.0,39.875,114.875,-0.3137744382798697,4,0.6666666666666666,mixed sign
ssp370,SSP3-7.0,39.875,115.125,-0.3137744382799941,4,0.6666666666666666,mixed sign
ssp370,SSP3-7.0,39.875,115.375,-0.3137744382799869,4,0.6666666666666666,mixed sign
ssp370,SSP3-7.0,39.875,115.625,-0.4197555454311459,4,0.6666666666666666,mixed sign
ssp370,SSP3-7.0,39.875,115.875,-0.5257366525816547,4,0.6666666666666666,mixed sign
ssp370,SSP3-7.0,39.875,116.125,-0.5257366525813136,4,0.6666666666666666,mixed sign
ssp370,SSP3-7.0,39.875,116.375,-0.5257366525815468,4,0.6666666666666666,mixed sign
ssp370,SSP3-7.0,39.875,116.625,-0.5220190805505227,4,0.6666666666666666,mixed sign
ssp370,SSP3-7.0,39.875,116.875,-0.6009736743755287,4,0.6666666666666666,mixed sign
ssp370,SSP3-7.0,39.875,117.125,-0.7059512651956827,4,0.6666666666666666,mixed sign
ssp370,SSP3-7.0,39.875,117.375,-0.7059512651955318,4,0.6666666666666666,mixed sign
ssp370,SSP3-7.0,39.875,117.625,-0.7059512651955124,4,0.6666666666666666,mixed sign
ssp370,SSP3-7.0,39.875,117.875,-0.7059512651955573,4,0.6666666666666666,mixed sign
ssp370,SSP3-7.0,39.875,118.125,-0.695719934914045,4,0.6666666666666666,mixed sign
ssp370,SSP3-7.0,39.875,118.375,-0.6854886046327462,4,0.6666666666666666,mixed sign
ssp370,SSP3-7.0,39.875,118.625,-0.7316238515744082,5,0.8333333333333334,robust drying (>=5/6)
ssp370,SSP3-7.0,39.875,118.875,-2.6883495649502143,5,0.8333333333333334,robust drying (>=5/6)
ssp370,SSP3-7.0,39.875,119.125,-2.6883495649502587,5,0.8333333333333334,robust drying (>=5/6)
ssp370,SSP3-7.0,39.875,119.375,-4.732244873786114,5,0.8333333333333334,robust drying (>=5/6)
ssp370,SSP3-7.0,40.125,112.875,-0.4848607046887148,4,0.6666666666666666,mixed sign
ssp370,SSP3-7.0,40.125,113.125,-0.468610907335157,4,0.6666666666666666,mixed sign
ssp370,SSP3-7.0,40.125,113.375,-0.4523611099805438,3,0.5,mixed sign
ssp370,SSP3-7.0,40.125,113.625,-0.452361109981285,3,0.5,mixed sign
ssp370,SSP3-7.0,40.125,113.875,-0.3938242128933036,3,0.5,mixed sign
ssp370,SSP3-7.0,40.125,114.125,-0.2962627272652094,3,0.5,mixed sign
ssp370,SSP3-7.0,40.125,114.375,-0.3050185827724867,4,0.6666666666666666,mixed sign
ssp370,SSP3-7.0,40.125,114.625,-0.3137744382801042,4,0.6666666666666666,mixed sign
ssp370,SSP3-7.0,40.125,114.875,-0.3137744382799869,4,0.6666666666666666,mixed sign
ssp370,SSP3-7.0,40.125,115.125,-0.3137744382797383,4,0.6666666666666666,mixed sign
ssp370,SSP3-7.0,40.125,115.375,-0.3137744382795784,4,0.6666666666666666,mixed sign
ssp370,SSP3-7.0,40.125,115.625,-0.4197555454307617,4,0.6666666666666666,mixed sign
ssp370,SSP3-7.0,40.125,115.875,-0.5257366525814438,4,0.6666666666666666,mixed sign
ssp370,SSP3-7.0,40.125,116.125,-0.5257366525815339,4,0.6666666666666666,mixed sign
ssp370,SSP3-7.0,40.125,116.375,-0.525736652581549,4,0.6666666666666666,mixed sign
ssp370,SSP3-7.0,40.125,116.625,-0.5220190805008598,4,0.6666666666666666,mixed sign
ssp370,SSP3-7.0,40.125,116.875,-0.6009736743752045,4,0.6666666666666666,mixed sign
ssp370,SSP3-7.0,40.125,117.125,-0.7059512651955508,4,0.6666666666666666,mixed sign
ssp370,SSP3-7.0,40.125,117.375,-0.7059512651953792,4,0.6666666666666666,mixed sign
ssp370,SSP3-7.0,40.125,117.625,-0.7059512651955062,4,0.6666666666666666,mixed sign
ssp370,SSP3-7.0,40.125,117.875,-0.7059512651955651,4,0.6666666666666666,mixed sign
ssp370,SSP3-7.0,40.125,118.125,-0.6957199349141134,4,0.6666666666666666,mixed sign
ssp370,SSP3-7.0,40.125,118.375,-0.6854886046327051,4,0.6666666666666666,mixed sign
ssp370,SSP3-7.0,40.125,118.625,-0.7316238565769968,5,0.8333333333333334,robust drying (>=5/6)
ssp370,SSP3-7.0,40.125,118.875,-2.688349564950149,5,0.8333333333333334,robust drying (>=5/6)
ssp370,SSP3-7.0,40.125,119.125,-2.688349564950303,5,0.8333333333333334,robust drying (>=5/6)
ssp370,SSP3-7.0,40.125,119.375,-4.732244873785931,5,0.8333333333333334,robust drying (>=5/6)
ssp370,SSP3-7.0,40.375,113.125,-0.4686109073353022,4,0.6666666666666666,mixed sign
ssp370,SSP3-7.0,40.375,113.375,-0.4523611099809546,3,0.5,mixed sign
ssp370,SSP3-7.0,40.375,113.625,-0.452361109981269,3,0.5,mixed sign
ssp370,SSP3-7.0,40.375,113.875,-0.3938242127059752,3,0.5,mixed sign
ssp370,SSP3-7.0,40.375,114.125,-0.2962627272654767,3,0.5,mixed sign
ssp370,SSP3-7.0,40.375,114.375,-0.3050185827727389,4,0.6666666666666666,mixed sign
ssp370,SSP3-7.0,40.375,114.625,-0.3137744382799878,4,0.6666666666666666,mixed sign
ssp370,SSP3-7.0,40.375,114.875,-0.3137744382798164,4,0.6666666666666666,mixed sign
ssp370,SSP3-7.0,40.375,115.125,-0.3137744382799492,4,0.6666666666666666,mixed sign
ssp370,SSP3-7.0,40.375,115.375,-0.3137744382797436,4,0.6666666666666666,mixed sign
ssp370,SSP3-7.0,40.375,115.625,-0.4197555454305277,4,0.6666666666666666,mixed sign
ssp370,SSP3-7.0,40.375,115.875,-0.5257366525813549,4,0.6666666666666666,mixed sign
ssp370,SSP3-7.0,40.375,116.125,-0.52573665258147,4,0.6666666666666666,mixed sign
ssp370,SSP3-7.0,40.375,116.375,-0.5257366525816369,4,0.6666666666666666,mixed sign
ssp370,SSP3-7.0,40.375,116.625,-0.5220190804510292,4,0.6666666666666666,mixed sign
ssp370,SSP3-7.0,40.375,116.875,-0.6009736743749443,4,0.6666666666666666,mixed sign
ssp370,SSP3-7.0,40.375,117.125,-0.7059512651955213,4,0.6666666666666666,mixed sign
ssp370,SSP3-7.0,40.375,117.375,-0.7059512651951452,4,0.6666666666666666,mixed sign
ssp370,SSP3-7.0,40.375,117.625,-0.705951265195369,4,0.6666666666666666,mixed sign
ssp370,SSP3-7.0,40.375,117.875,-0.7059512651955224,4,0.6666666666666666,mixed sign
ssp370,SSP3-7.0,40.375,118.125,-0.6957199349142329,4,0.6666666666666666,mixed sign
ssp370,SSP3-7.0,40.375,118.375,-0.6854886046328386,4,0.6666666666666666,mixed sign
ssp370,SSP3-7.0,40.375,118.625,-0.6854886046327462,5,0.8333333333333334,robust drying (>=5/6)
ssp370,SSP3-7.0,40.375,118.875,-1.320374357536192,5,0.8333333333333334,robust drying (>=5/6)
ssp370,SSP3-7.0,40.375,119.125,-1.3262376839531047,5,0.8333333333333334,robust drying (>=5/6)
ssp370,SSP3-7.0,40.625,113.625,-0.1566169143928566,3,0.5,mixed sign
ssp370,SSP3-7.0,40.625,113.875,-0.0980800169299087,3,0.5,mixed sign
ssp370,SSP3-7.0,40.625,114.125,-0.0082292144350808,3,0.5,mixed sign
ssp370,SSP3-7.0,40.625,114.375,-0.1322198250809316,3,0.5,mixed sign
ssp370,SSP3-7.0,40.625,114.875,-0.2658799636948203,3,0.5,mixed sign
ssp370,SSP3-7.0,40.625,115.125,-0.2658799636946973,3,0.5,mixed sign
ssp370,SSP3-7.0,40.625,115.375,-0.2657649814309848,3,0.5,mixed sign
ssp370,SSP3-7.0,40.625,115.625,-0.3849342073811259,4,0.6666666666666666,mixed sign
ssp370,SSP3-7.0,40.625,115.875,-0.5043319774927886,4,0.6666666666666666,mixed sign
ssp370,SSP3-7.0,40.625,116.125,-0.504383205994468,4,0.6666666666666666,mixed sign
ssp370,SSP3-7.0,40.625,116.375,-0.5043832059947437,4,0.6666666666666666,mixed sign
ssp370,SSP3-7.0,40.625,116.625,-0.5006144053125103,4,0.6666666666666666,mixed sign
ssp370,SSP3-7.0,40.625,116.875,-0.4878022398236759,4,0.6666666666666666,mixed sign
ssp370,SSP3-7.0,40.625,117.125,-0.501755593423437,4,0.6666666666666666,mixed sign
ssp370,SSP3-7.0,40.625,117.375,-0.5022443707942614,4,0.6666666666666666,mixed sign
ssp370,SSP3-7.0,40.625,117.625,-0.5022443707940998,4,0.6666666666666666,mixed sign
ssp370,SSP3-7.0,40.625,117.875,-0.5017555934242239,4,0.6666666666666666,mixed sign
ssp370,SSP3-7.0,40.625,118.125,-0.5307435693558855,4,0.6666666666666666,mixed sign
ssp370,SSP3-7.0,40.625,118.375,-0.5608139588783037,4,0.6666666666666666,mixed sign
ssp370,SSP3-7.0,40.625,118.625,-0.5611123763710542,4,0.6666666666666666,mixed sign
ssp370,SSP3-7.0,40.625,118.875,-0.561112376370192,4,0.6666666666666666,mixed sign
ssp370,SSP3-7.0,40.625,119.125,-0.5608139588784367,4,0.6666666666666666,mixed sign
ssp370,SSP3-7.0,40.875,113.875,-0.0801940344834464,3,0.5,mixed sign
ssp370,SSP3-7.0,40.875,114.125,-0.0082292146319828,3,0.5,mixed sign
ssp370,SSP3-7.0,40.875,114.875,-0.2605011337475043,3,0.5,mixed sign
ssp370,SSP3-7.0,40.875,115.125,-0.2605011337472787,3,0.5,mixed sign
ssp370,SSP3-7.0,40.875,115.375,-0.2605011337475242,3,0.5,mixed sign
ssp370,SSP3-7.0,40.875,115.625,-0.3812513778363851,4,0.6666666666666666,mixed sign
ssp370,SSP3-7.0,40.875,115.875,-0.5020016219255456,4,0.6666666666666666,mixed sign
ssp370,SSP3-7.0,40.875,116.125,-0.5020016219254222,4,0.6666666666666666,mixed sign
ssp370,SSP3-7.0,40.875,116.375,-0.5020016219252974,4,0.6666666666666666,mixed sign
ssp370,SSP3-7.0,40.875,116.625,-0.4982840496948344,4,0.6666666666666666,mixed sign
ssp370,SSP3-7.0,40.875,116.875,-0.4758767166492712,4,0.6666666666666666,mixed sign
ssp370,SSP3-7.0,40.875,117.125,-0.4794923803997268,4,0.6666666666666666,mixed sign
ssp370,SSP3-7.0,40.875,117.375,-0.4794923803999993,4,0.6666666666666666,mixed sign
ssp370,SSP3-7.0,40.875,117.625,-0.4794923804002231,4,0.6666666666666666,mixed sign
ssp370,SSP3-7.0,40.875,117.875,-0.4794923803999993,4,0.6666666666666666,mixed sign
ssp370,SSP3-7.0,40.875,118.125,-0.5133595441030943,4,0.6666666666666666,mixed sign
ssp370,SSP3-7.0,40.875,118.375,-0.5472267078056074,4,0.6666666666666666,mixed sign
ssp370,SSP3-7.0,40.875,118.625,-0.5472267078059183,4,0.6666666666666666,mixed sign
ssp370,SSP3-7.0,40.875,118.875,-0.5472267078059183,4,0.6666666666666666,mixed sign
ssp370,SSP3-7.0,40.875,119.125,-0.5472267078059183,4,0.6666666666666666,mixed sign
ssp370,SSP3-7.0,41.125,116.375,-0.5020016219253574,4,0.6666666666666666,mixed sign
ssp370,SSP3-7.0,41.125,116.625,-0.49828404964479,4,0.6666666666666666,mixed sign
ssp370,SSP3-7.0,41.125,116.875,-0.4758767166494693,4,0.6666666666666666,mixed sign
ssp370,SSP3-7.0,41.125,117.125,-0.4794923804002204,4,0.6666666666666666,mixed sign
ssp370,SSP3-7.0,41.125,117.375,-0.4794923803999487,4,0.6666666666666666,mixed sign
ssp370,SSP3-7.0,41.125,117.625,-0.4794923803999993,4,0.6666666666666666,mixed sign
ssp370,SSP3-7.0,41.125,117.875,-0.4794923804006388,4,0.6666666666666666,mixed sign
ssp370,SSP3-7.0,41.375,116.125,-0.5026020078096121,4,0.6666666666666666,mixed sign
ssp370,SSP3-7.0,41.375,116.375,-0.5026020078097302,4,0.6666666666666666,mixed sign
ssp370,SSP3-7.0,41.375,116.625,-0.4988943415918025,4,0.6666666666666666,mixed sign
ssp370,SSP3-7.0,41.375,116.875,-0.4590286208918714,4,0.6666666666666666,mixed sign
ssp370,SSP3-7.0,41.375,117.125,-0.4459290642053213,4,0.6666666666666666,mixed sign
ssp370,SSP3-7.0,41.375,117.375,-0.4464794447876212,4,0.6666666666666666,mixed sign
ssp370,SSP3-7.0,41.375,117.625,-0.446479444787814,4,0.6666666666666666,mixed sign
ssp370,SSP3-7.0,41.375,117.875,-0.4459290642051183,4,0.6666666666666666,mixed sign
ssp370,SSP3-7.0,41.625,116.125,-0.506583431593997,4,0.6666666666666666,mixed sign
ssp370,SSP3-7.0,41.625,116.375,-0.5065834315938975,4,0.6666666666666666,mixed sign
ssp370,SSP3-7.0,41.625,116.625,-0.5028658592128101,4,0.6666666666666666,mixed sign
ssp370,SSP3-7.0,41.625,116.875,-0.3508851743486645,4,0.6666666666666666,mixed sign
ssp370,SSP3-7.0,41.625,117.125,-0.2249274861298407,3,0.5,mixed sign
ssp370,SSP3-7.0,41.625,117.375,-0.2249274861298755,3,0.5,mixed sign
ssp370,SSP3-7.0,41.625,117.625,-0.2249274861297352,3,0.5,mixed sign
ssp370,SSP3-7.0,41.625,117.875,-0.2249274861298869,3,0.5,mixed sign
ssp370,SSP3-7.0,41.875,116.125,-0.3460164938719595,4,0.6666666666666666,mixed sign
ssp370,SSP3-7.0,41.875,116.375,-0.3436031841307837,4,0.6666666666666666,mixed sign
ssp370,SSP3-7.0,41.875,116.625,-0.3389784945138826,4,0.6666666666666666,mixed sign
ssp370,SSP3-7.0,41.875,116.875,-0.2022343073174356,4,0.6666666666666666,mixed sign
ssp370,SSP3-7.0,41.875,117.125,-0.0788824363194169,3,0.5,mixed sign
ssp370,SSP3-7.0,41.875,117.375,-0.0809090282627641,3,0.5,mixed sign
ssp370,SSP3-7.0,42.125,116.125,-0.2099063490364443,3,0.5,mixed sign
ssp370,SSP3-7.0,42.125,116.375,-0.2099063490360961,3,0.5,mixed sign
ssp370,SSP3-7.0,42.125,116.625,-0.2099063490361334,3,0.5,mixed sign
ssp370,SSP3-7.0,42.125,116.875,-0.0839486608174553,3,0.5,mixed sign
ssp370,SSP3-7.0,42.125,117.125,0.0420090274016935,3,0.5,mixed sign
ssp370,SSP3-7.0,42.125,117.375,0.042009027401221,3,0.5,mixed sign
ssp370,SSP3-7.0,42.375,116.375,-0.0890712936385158,3,0.5,mixed sign
ssp370,SSP3-7.0,42.375,116.625,-0.0883419971404979,3,0.5,mixed sign
ssp370,SSP3-7.0,42.375,116.875,-0.0915654781477339,3,0.5,mixed sign
ssp585,SSP5-8.5,35.375,113.875,-0.2646416864169918,4,0.6666666666666666,mixed sign
ssp585,SSP5-8.5,35.375,114.125,-0.2295018245758235,4,0.6666666666666666,mixed sign
ssp585,SSP5-8.5,35.625,113.625,-0.2646416864169865,4,0.6666666666666666,mixed sign
ssp585,SSP5-8.5,35.625,113.875,-0.2646416864169847,4,0.6666666666666666,mixed sign
ssp585,SSP5-8.5,35.625,114.125,-0.2295018243168698,4,0.6666666666666666,mixed sign
ssp585,SSP5-8.5,35.625,114.375,-0.139049277263723,3,0.5,mixed sign
ssp585,SSP5-8.5,35.875,113.625,0.0494408665094994,3,0.5,mixed sign
ssp585,SSP5-8.5,35.875,113.875,0.0494869761090051,3,0.5,mixed sign
ssp585,SSP5-8.5,35.875,114.125,-0.0006690684951999,3,0.5,mixed sign
ssp585,SSP5-8.5,35.875,114.375,0.0050922610241004,3,0.5,mixed sign
ssp585,SSP5-8.5,35.875,114.625,-0.3691302835641101,4,0.6666666666666666,mixed sign
ssp585,SSP5-8.5,35.875,115.125,-0.3705891029595944,4,0.6666666666666666,mixed sign
ssp585,SSP5-8.5,36.125,113.125,-0.114777459432366,4,0.6666666666666666,mixed sign
ssp585,SSP5-8.5,36.125,113.375,-0.0210983323607365,3,0.5,mixed sign
ssp585,SSP5-8.5,36.125,113.625,-0.0210983323605749,3,0.5,mixed sign
ssp585,SSP5-8.5,36.125,113.875,-0.0210983323607258,3,0.5,mixed sign
ssp585,SSP5-8.5,36.125,114.125,-0.0951653284421487,3,0.5,mixed sign
ssp585,SSP5-8.5,36.125,114.375,-0.0298846011445101,3,0.5,mixed sign
ssp585,SSP5-8.5,36.125,114.625,-0.1929485278653961,4,0.6666666666666666,mixed sign
ssp585,SSP5-8.5,36.125,114.875,-0.1929485278653731,4,0.6666666666666666,mixed sign
ssp585,SSP5-8.5,36.125,115.125,-0.1929485278653571,4,0.6666666666666666,mixed sign
ssp585,SSP5-8.5,36.125,115.375,-0.1929485278653784,4,0.6666666666666666,mixed sign
ssp585,SSP5-8.5,36.125,115.625,0.1578631898136242,3,0.5,mixed sign
ssp585,SSP5-8.5,36.125,115.875,0.1578631898135984,3,0.5,mixed sign
ssp585,SSP5-8.5,36.375,112.625,-0.016631718172908,3,0.5,mixed sign
ssp585,SSP5-8.5,36.375,112.875,-0.0161585296301556,3,0.5,mixed sign
ssp585,SSP5-8.5,36.375,113.125,-0.0370790052349079,3,0.5,mixed sign
ssp585,SSP5-8.5,36.375,113.375,0.0716441040572108,4,0.6666666666666666,mixed sign
ssp585,SSP5-8.5,36.375,113.625,0.0735370521114866,4,0.6666666666666666,mixed sign
ssp585,SSP5-8.5,36.375,113.875,0.018309934038081,3,0.5,mixed sign
ssp585,SSP5-8.5,36.375,114.125,-0.0770142369620834,3,0.5,mixed sign
ssp585,SSP5-8.5,36.375,114.375,-0.0119163304100724,3,0.5,mixed sign
ssp585,SSP5-8.5,36.375,114.625,-0.1751200540706246,4,0.6666666666666666,mixed sign
ssp585,SSP5-8.5,36.375,114.875,-0.1752168329328882,5,0.8333333333333334,robust drying (>=5/6)
ssp585,SSP5-8.5,36.375,115.125,-0.175270597682196,5,0.8333333333333334,robust drying (>=5/6)
ssp585,SSP5-8.5,36.375,115.375,-0.175281350521971,5,0.8333333333333334,robust drying (>=5/6)
ssp585,SSP5-8.5,36.375,115.625,-0.0243150430112031,4,0.6666666666666666,mixed sign
ssp585,SSP5-8.5,36.375,115.875,-0.0264327493241349,4,0.6666666666666666,mixed sign
ssp585,SSP5-8.5,36.375,116.125,-0.1431835866781834,4,0.6666666666666666,mixed sign
ssp585,SSP5-8.5,36.625,112.875,0.0160274668247666,3,0.5,mixed sign
ssp585,SSP5-8.5,36.625,113.125,-0.0058394052538686,3,0.5,mixed sign
ssp585,SSP5-8.5,36.625,113.375,0.0992404331495144,4,0.6666666666666666,mixed sign
ssp585,SSP5-8.5,36.625,113.625,0.0992404331494691,4,0.6666666666666666,mixed sign
ssp585,SSP5-8.5,36.625,113.875,0.0332443534759754,3,0.5,mixed sign
ssp585,SSP5-8.5,36.625,114.125,-0.076749109692801,3,0.5,mixed sign
ssp585,SSP5-8.5,36.625,114.375,-0.0767491096927976,3,0.5,mixed sign
ssp585,SSP5-8.5,36.625,114.625,-0.3431944670367115,5,0.8333333333333334,robust drying (>=5/6)
ssp585,SSP5-8.5,36.625,114.875,-0.5504297477532367,5,0.8333333333333334,robust drying (>=5/6)
ssp585,SSP5-8.5,36.625,115.125,-0.5504297477532356,5,0.8333333333333334,robust drying (>=5/6)
ssp585,SSP5-8.5,36.625,115.375,-0.4733573108204099,5,0.8333333333333334,robust drying (>=5/6)
ssp585,SSP5-8.5,36.625,115.625,-0.1404367349104167,4,0.6666666666666666,mixed sign
ssp585,SSP5-8.5,36.625,115.875,-0.1404367349104607,4,0.6666666666666666,mixed sign
ssp585,SSP5-8.5,36.625,116.125,-0.1404367349104776,4,0.6666666666666666,mixed sign
ssp585,SSP5-8.5,36.625,116.375,-0.3674007640351604,4,0.6666666666666666,mixed sign
ssp585,SSP5-8.5,36.625,116.625,-0.451765405850778,4,0.6666666666666666,mixed sign
ssp585,SSP5-8.5,36.875,112.875,0.01602746682462,3,0.5,mixed sign
ssp585,SSP5-8.5,36.875,113.125,-0.0248455486014664,3,0.5,mixed sign
ssp585,SSP5-8.5,36.875,113.375,-0.0384698879443279,3,0.5,mixed sign
ssp585,SSP5-8.5,36.875,113.625,-0.0384698879442799,3,0.5,mixed sign
ssp585,SSP5-8.5,36.875,113.875,-0.1044659678232196,4,0.6666666666666666,mixed sign
ssp585,SSP5-8.5,36.875,114.125,-0.3019534655104525,4,0.6666666666666666,mixed sign
ssp585,SSP5-8.5,36.875,114.375,-0.0767491096928181,3,0.5,mixed sign
ssp585,SSP5-8.5,36.875,114.625,-0.3431944667464739,4,0.6666666666666666,mixed sign
ssp585,SSP5-8.5,36.875,114.875,-0.5504297477532356,4,0.6666666666666666,mixed sign
ssp585,SSP5-8.5,36.875,115.125,-0.5504297477532221,4,0.6666666666666666,mixed sign
ssp585,SSP5-8.5,36.875,115.375,-0.4733573133064959,4,0.6666666666666666,mixed sign
ssp585,SSP5-8.5,36.875,115.625,-0.1404367349104578,4,0.6666666666666666,mixed sign
ssp585,SSP5-8.5,36.875,115.875,-0.140436734910464,4,0.6666666666666666,mixed sign
ssp585,SSP5-8.5,36.875,116.125,-0.1404367349104776,4,0.6666666666666666,mixed sign
ssp585,SSP5-8.5,36.875,116.375,-0.3674007657299665,4,0.6666666666666666,mixed sign
ssp585,SSP5-8.5,36.875,116.625,-0.4517654052360591,4,0.6666666666666666,mixed sign
ssp585,SSP5-8.5,36.875,116.875,-0.2415988680343952,3,0.5,mixed sign
ssp585,SSP5-8.5,37.125,112.875,-0.0401749620247287,3,0.5,mixed sign
ssp585,SSP5-8.5,37.125,113.125,-0.0018727643220204,3,0.5,mixed sign
ssp585,SSP5-8.5,37.125,113.375,0.0108033047369922,3,0.5,mixed sign
ssp585,SSP5-8.5,37.125,113.625,0.0107493639265365,3,0.5,mixed sign
ssp585,SSP5-8.5,37.125,113.875,-0.055192775347987,4,0.6666666666666666,mixed sign
ssp585,SSP5-8.5,37.125,114.125,-0.1878051106728557,4,0.6666666666666666,mixed sign
ssp585,SSP5-8.5,37.125,114.375,-0.0677473543461433,3,0.5,mixed sign
ssp585,SSP5-8.5,37.125,114.625,-0.2615375340197969,4,0.6666666666666666,mixed sign
ssp585,SSP5-8.5,37.125,114.875,-0.2615375340196291,4,0.6666666666666666,mixed sign
ssp585,SSP5-8.5,37.125,115.125,-0.2588848250653734,4,0.6666666666666666,mixed sign
ssp585,SSP5-8.5,37.125,115.375,-0.1484021075961232,4,0.6666666666666666,mixed sign
ssp585,SSP5-8.5,37.125,115.625,-0.1125902577457971,3,0.5,mixed sign
ssp585,SSP5-8.5,37.125,115.875,-0.1126207420462588,3,0.5,mixed sign
ssp585,SSP5-8.5,37.125,116.125,-0.1125902577458921,3,0.5,mixed sign
ssp585,SSP5-8.5,37.125,116.375,-0.0989608535176564,3,0.5,mixed sign
ssp585,SSP5-8.5,37.125,116.625,-0.0135510011603015,3,0.5,mixed sign
ssp585,SSP5-8.5,37.125,116.875,0.1914144513703837,4,0.6666666666666666,mixed sign
ssp585,SSP5-8.5,37.125,117.125,0.0699549698479709,3,0.5,mixed sign
ssp585,SSP5-8.5,37.375,113.875,-0.0531072210814169,4,0.6666666666666666,mixed sign
ssp585,SSP5-8.5,37.375,114.125,-0.1746409742094863,4,0.6666666666666666,mixed sign
ssp585,SSP5-8.5,37.375,114.375,-0.0181243723247632,3,0.5,mixed sign
ssp585,SSP5-8.5,37.375,114.625,-0.209261843044052,4,0.6666666666666666,mixed sign
ssp585,SSP5-8.5,37.375,114.875,-0.2092618430439863,4,0.6666666666666666,mixed sign
ssp585,SSP5-8.5,37.375,115.125,-0.2092618430440982,4,0.6666666666666666,mixed sign
ssp585,SSP5-8.5,37.375,115.375,-0.1358742155464189,4,0.6666666666666666,mixed sign
ssp585,SSP5-8.5,37.375,115.625,-0.1114116710009698,3,0.5,mixed sign
ssp585,SSP5-8.5,37.375,115.875,-0.1114116710009049,3,0.5,mixed sign
ssp585,SSP5-8.5,37.375,116.125,-0.1114116710008901,3,0.5,mixed sign
ssp585,SSP5-8.5,37.375,116.375,-0.0886081697672884,3,0.5,mixed sign
ssp585,SSP5-8.5,37.375,116.625,0.0268471875996243,3,0.5,mixed sign
ssp585,SSP5-8.5,37.375,116.875,0.2339722164762445,4,0.6666666666666666,mixed sign
ssp585,SSP5-8.5,37.375,117.125,0.1125127349537828,3,0.5,mixed sign
ssp585,SSP5-8.5,37.375,117.375,0.1125127349538273,3,0.5,mixed sign
ssp585,SSP5-8.5,37.375,117.625,-0.1269070300766217,4,0.6666666666666666,mixed sign
ssp585,SSP5-8.5,37.375,117.875,-0.1269070300766168,4,0.6666666666666666,mixed sign
ssp585,SSP5-8.5,37.625,113.875,-0.0531072212883403,4,0.6666666666666666,mixed sign
ssp585,SSP5-8.5,37.625,114.125,-0.1674398509053283,4,0.6666666666666666,mixed sign
ssp585,SSP5-8.5,37.625,114.375,-0.0181243723246868,3,0.5,mixed sign
ssp585,SSP5-8.5,37.625,114.625,-0.2092618430440245,4,0.6666666666666666,mixed sign
ssp585,SSP5-8.5,37.625,114.875,-0.2092618430441291,4,0.6666666666666666,mixed sign
ssp585,SSP5-8.5,37.625,115.125,-0.2092618430439827,4,0.6666666666666666,mixed sign
ssp585,SSP5-8.5,37.625,115.375,-0.1358742157305332,4,0.6666666666666666,mixed sign
ssp585,SSP5-8.5,37.625,115.625,-0.1114116710008639,3,0.5,mixed sign
ssp585,SSP5-8.5,37.625,115.875,-0.1114116710009651,3,0.5,mixed sign
ssp585,SSP5-8.5,37.625,116.125,-0.1114116710008406,3,0.5,mixed sign
ssp585,SSP5-8.5,37.625,116.375,-0.0886081695958802,3,0.5,mixed sign
ssp585,SSP5-8.5,37.625,116.625,0.0268471882189387,3,0.5,mixed sign
ssp585,SSP5-8.5,37.625,116.875,0.1695731446565815,4,0.6666666666666666,mixed sign
ssp585,SSP5-8.5,37.625,117.125,-0.2511213547674158,3,0.5,mixed sign
ssp585,SSP5-8.5,37.625,117.375,-0.1763735928531327,3,0.5,mixed sign
ssp585,SSP5-8.5,37.625,117.625,-0.6172094485596644,4,0.6666666666666666,mixed sign
ssp585,SSP5-8.5,37.625,117.875,-0.622173630456285,4,0.6666666666666666,mixed sign
ssp585,SSP5-8.5,37.625,118.125,-2.8286865519636466,5,0.8333333333333334,robust drying (>=5/6)
ssp585,SSP5-8.5,37.875,113.875,-0.0531072214955936,4,0.6666666666666666,mixed sign
ssp585,SSP5-8.5,37.875,114.125,-0.1623956115075184,4,0.6666666666666666,mixed sign
ssp585,SSP5-8.5,37.875,114.375,-0.1129248888669476,4,0.6666666666666666,mixed sign
ssp585,SSP5-8.5,37.875,114.625,-0.0878390753647213,4,0.6666666666666666,mixed sign
ssp585,SSP5-8.5,37.875,114.875,-0.1471049588324939,4,0.6666666666666666,mixed sign
ssp585,SSP5-8.5,37.875,115.125,-0.1483847574781975,4,0.6666666666666666,mixed sign
ssp585,SSP5-8.5,37.875,115.375,-0.0752530871731202,4,0.6666666666666666,mixed sign
ssp585,SSP5-8.5,37.875,115.625,-0.2064975782926628,4,0.6666666666666666,mixed sign
ssp585,SSP5-8.5,37.875,115.875,-0.2047058398554746,4,0.6666666666666666,mixed sign
ssp585,SSP5-8.5,37.875,116.125,-0.1305536262550477,3,0.5,mixed sign
ssp585,SSP5-8.5,37.875,116.375,-0.127682421002826,3,0.5,mixed sign
ssp585,SSP5-8.5,37.875,116.625,-0.0816037797709765,3,0.5,mixed sign
ssp585,SSP5-8.5,37.875,116.875,0.1191782987825544,4,0.6666666666666666,mixed sign
ssp585,SSP5-8.5,37.875,117.125,0.120420585563632,4,0.6666666666666666,mixed sign
ssp585,SSP5-8.5,37.875,117.375,0.1401665604165467,4,0.6666666666666666,mixed sign
ssp585,SSP5-8.5,37.875,117.625,-1.0893070226885802,3,0.5,mixed sign
ssp585,SSP5-8.5,37.875,117.875,-1.09015476892625,3,0.5,mixed sign
ssp585,SSP5-8.5,37.875,118.125,-4.8905680243613965,4,0.6666666666666666,mixed sign
ssp585,SSP5-8.5,38.125,113.875,-0.0090698092273164,3,0.5,mixed sign
ssp585,SSP5-8.5,38.125,114.125,-0.1063552950038815,3,0.5,mixed sign
ssp585,SSP5-8.5,38.125,114.375,-0.0220469985330344,3,0.5,mixed sign
ssp585,SSP5-8.5,38.125,114.625,0.0616386229667087,4,0.6666666666666666,mixed sign
ssp585,SSP5-8.5,38.125,114.875,0.0616386229668455,4,0.6666666666666666,mixed sign
ssp585,SSP5-8.5,38.125,115.125,0.0620445927683279,4,0.6666666666666666,mixed sign
ssp585,SSP5-8.5,38.125,115.375,0.0851063355228261,4,0.6666666666666666,mixed sign
ssp585,SSP5-8.5,38.125,115.625,-0.0879103439974464,3,0.5,mixed sign
ssp585,SSP5-8.5,38.125,115.875,-0.0879629831059267,3,0.5,mixed sign
ssp585,SSP5-8.5,38.125,116.125,-0.0879103439972457,3,0.5,mixed sign
ssp585,SSP5-8.5,38.125,116.375,-0.1740265538743735,4,0.6666666666666666,mixed sign
ssp585,SSP5-8.5,38.125,116.625,-0.3837760789294511,4,0.6666666666666666,mixed sign
ssp585,SSP5-8.5,38.125,116.875,-0.1378235172306636,3,0.5,mixed sign
ssp585,SSP5-8.5,38.125,117.125,-0.137823517230669,3,0.5,mixed sign
ssp585,SSP5-8.5,38.125,117.375,-0.1445606219200059,3,0.5,mixed sign
ssp585,SSP5-8.5,38.125,117.625,-1.012642005757738,3,0.5,mixed sign
ssp585,SSP5-8.5,38.125,117.875,-1.0126420057578112,3,0.5,mixed sign
ssp585,SSP5-8.5,38.375,112.875,0.1724512963751454,4,0.6666666666666666,mixed sign
ssp585,SSP5-8.5,38.375,113.375,0.0872861459289664,4,0.6666666666666666,mixed sign
ssp585,SSP5-8.5,38.375,113.625,0.0872861459289309,4,0.6666666666666666,mixed sign
ssp585,SSP5-8.5,38.375,113.875,0.0212900648075353,3,0.5,mixed sign
ssp585,SSP5-8.5,38.375,114.125,-0.076458034037822,3,0.5,mixed sign
ssp585,SSP5-8.5,38.375,114.375,0.0256143595115716,3,0.5,mixed sign
ssp585,SSP5-8.5,38.375,114.625,0.1121574406999093,4,0.6666666666666666,mixed sign
ssp585,SSP5-8.5,38.375,114.875,0.1140641551155114,4,0.6666666666666666,mixed sign
ssp585,SSP5-8.5,38.375,115.125,0.1140641551155736,4,0.6666666666666666,mixed sign
ssp585,SSP5-8.5,38.375,115.375,0.1140641551155541,4,0.6666666666666666,mixed sign
ssp585,SSP5-8.5,38.375,115.625,-0.0663643903630506,3,0.5,mixed sign
ssp585,SSP5-8.5,38.375,115.875,-0.0663643903629482,3,0.5,mixed sign
ssp585,SSP5-8.5,38.375,116.125,-0.0617305258248672,3,0.5,mixed sign
ssp585,SSP5-8.5,38.375,116.375,-0.267753580332644,4,0.6666666666666666,mixed sign
ssp585,SSP5-8.5,38.375,116.625,-0.5960933867425693,4,0.6666666666666666,mixed sign
ssp585,SSP5-8.5,38.375,116.875,-0.5946595817398199,3,0.5,mixed sign
ssp585,SSP5-8.5,38.375,117.125,-0.5946595817398022,3,0.5,mixed sign
ssp585,SSP5-8.5,38.375,117.375,-0.5995623490368751,3,0.5,mixed sign
ssp585,SSP5-8.5,38.375,117.625,-1.0126420057577556,3,0.5,mixed sign
ssp585,SSP5-8.5,38.625,112.875,0.1724512963751658,4,0.6666666666666666,mixed sign
ssp585,SSP5-8.5,38.625,113.125,0.1226000429957041,4,0.6666666666666666,mixed sign
ssp585,SSP5-8.5,38.625,113.375,0.1052669481767898,4,0.6666666666666666,mixed sign
ssp585,SSP5-8.5,38.625,113.625,0.1052669481768013,4,0.6666666666666666,mixed sign
ssp585,SSP5-8.5,38.625,113.875,0.0392708668467221,3,0.5,mixed sign
ssp585,SSP5-8.5,38.625,114.125,-0.0707225946654555,3,0.5,mixed sign
ssp585,SSP5-8.5,38.625,114.375,-0.0707225946655381,3,0.5,mixed sign
ssp585,SSP5-8.5,38.625,114.625,0.0423836015695187,3,0.5,mixed sign
ssp585,SSP5-8.5,38.625,114.875,0.0446272760162527,3,0.5,mixed sign
ssp585,SSP5-8.5,38.625,115.125,0.0446272760161781,3,0.5,mixed sign
ssp585,SSP5-8.5,38.625,115.375,0.0442903159877507,3,0.5,mixed sign
ssp585,SSP5-8.5,38.625,115.625,-0.0663643903630779,3,0.5,mixed sign
ssp585,SSP5-8.5,38.625,115.875,-0.0663643903630457,3,0.5,mixed sign
ssp585,SSP5-8.5,38.625,116.125,-0.0617305258248084,3,0.5,mixed sign
ssp585,SSP5-8.5,38.625,116.375,-0.267753581895982,4,0.6666666666666666,mixed sign
ssp585,SSP5-8.5,38.625,116.625,-0.8387778047726033,4,0.6666666666666666,mixed sign
ssp585,SSP5-8.5,38.625,116.875,-0.5946595817397364,3,0.5,mixed sign
ssp585,SSP5-8.5,38.625,117.125,-0.5946595817399043,3,0.5,mixed sign
ssp585,SSP5-8.5,38.625,117.375,-0.599562349062436,3,0.5,mixed sign
ssp585,SSP5-8.5,38.875,112.625,0.1724512963751765,4,0.6666666666666666,mixed sign
ssp585,SSP5-8.5,38.875,112.875,0.1724512963750717,4,0.6666666666666666,mixed sign
ssp585,SSP5-8.5,38.875,113.125,0.1226000431219125,4,0.6666666666666666,mixed sign
ssp585,SSP5-8.5,38.875,113.375,0.1052669481767916,4,0.6666666666666666,mixed sign
ssp585,SSP5-8.5,38.875,113.625,0.105266948176796,4,0.6666666666666666,mixed sign
ssp585,SSP5-8.5,38.875,113.875,0.0392708666377363,3,0.5,mixed sign
ssp585,SSP5-8.5,38.875,114.125,-0.0707225946655423,3,0.5,mixed sign
ssp585,SSP5-8.5,38.875,114.375,-0.0707225946656038,3,0.5,mixed sign
ssp585,SSP5-8.5,38.875,114.625,-0.0462110784383016,3,0.5,mixed sign
ssp585,SSP5-8.5,38.875,114.875,-0.0443043640173392,3,0.5,mixed sign
ssp585,SSP5-8.5,38.875,115.125,-0.0443043640173286,3,0.5,mixed sign
ssp585,SSP5-8.5,38.875,115.375,-0.0443043640173206,3,0.5,mixed sign
ssp585,SSP5-8.5,38.875,115.625,-0.0663643903630342,3,0.5,mixed sign
ssp585,SSP5-8.5,38.875,115.875,-0.0663643903630442,3,0.5,mixed sign
ssp585,SSP5-8.5,38.875,116.125,-0.0617305258247782,3,0.5,mixed sign
ssp585,SSP5-8.5,38.875,116.375,-0.2677535834624924,4,0.6666666666666666,mixed sign
ssp585,SSP5-8.5,38.875,116.625,-0.8387778041466714,4,0.6666666666666666,mixed sign
ssp585,SSP5-8.5,38.875,116.875,-0.5946595817398466,3,0.5,mixed sign
ssp585,SSP5-8.5,38.875,117.125,-0.5946595817399292,3,0.5,mixed sign
ssp585,SSP5-8.5,38.875,117.375,-0.5995623490880582,3,0.5,mixed sign
ssp585,SSP5-8.5,39.125,112.625,0.1235268329781904,3,0.5,mixed sign
ssp585,SSP5-8.5,39.125,112.875,0.1233759652539427,3,0.5,mixed sign
ssp585,SSP5-8.5,39.125,113.125,0.0732229692788402,3,0.5,mixed sign
ssp585,SSP5-8.5,39.125,113.375,0.0561532495674157,3,0.5,mixed sign
ssp585,SSP5-8.5,39.125,113.625,0.055549704674251,3,0.5,mixed sign
ssp585,SSP5-8.5,39.125,113.875,0.0435014966108275,3,0.5,mixed sign
ssp585,SSP5-8.5,39.125,114.125,0.0365374805142921,3,0.5,mixed sign
ssp585,SSP5-8.5,39.125,114.375,0.0745947664786985,3,0.5,mixed sign
ssp585,SSP5-8.5,39.125,114.625,0.0695739208380232,3,0.5,mixed sign
ssp585,SSP5-8.5,39.125,114.875,0.0627761332627425,3,0.5,mixed sign
ssp585,SSP5-8.5,39.125,115.125,0.0614894975238327,3,0.5,mixed sign
ssp585,SSP5-8.5,39.125,115.375,0.0396097248455558,3,0.5,mixed sign
ssp585,SSP5-8.5,39.125,115.625,0.0288071697498291,3,0.5,mixed sign
ssp585,SSP5-8.5,39.125,115.875,0.0292947735683162,3,0.5,mixed sign
ssp585,SSP5-8.5,39.125,116.125,0.0300610363250926,3,0.5,mixed sign
ssp585,SSP5-8.5,39.125,116.375,-0.1749170636048291,4,0.6666666666666666,mixed sign
ssp585,SSP5-8.5,39.125,116.625,-0.8174295639396234,4,0.6666666666666666,mixed sign
ssp585,SSP5-8.5,39.125,116.875,-0.993028901082466,4,0.6666666666666666,mixed sign
ssp585,SSP5-8.5,39.125,117.125,-0.9865643257601466,4,0.6666666666666666,mixed sign
ssp585,SSP5-8.5,39.125,117.375,-0.9815366514919726,4,0.6666666666666666,mixed sign
ssp585,SSP5-8.5,39.125,117.625,-2.4044749385389528,4,0.6666666666666666,mixed sign
ssp585,SSP5-8.5,39.125,118.375,-5.0006888806685,5,0.8333333333333334,robust drying (>=5/6)
ssp585,SSP5-8.5,39.375,112.625,0.2011205918280425,3,0.5,mixed sign
ssp585,SSP5-8.5,39.375,112.875,0.2013360974288727,3,0.5,mixed sign
ssp585,SSP5-8.5,39.375,113.125,0.2351064726430334,3,0.5,mixed sign
ssp585,SSP5-8.5,39.375,113.375,0.2457166659851897,3,0.5,mixed sign
ssp585,SSP5-8.5,39.375,113.625,0.245488559377524,3,0.5,mixed sign
ssp585,SSP5-8.5,39.375,113.875,0.2550991497692776,3,0.5,mixed sign
ssp585,SSP5-8.5,39.375,114.125,0.2505107624665137,3,0.5,mixed sign
ssp585,SSP5-8.5,39.375,114.375,0.1879492263684081,3,0.5,mixed sign
ssp585,SSP5-8.5,39.375,114.625,0.1877862670882422,3,0.5,mixed sign
ssp585,SSP5-8.5,39.375,114.875,0.1877862670881125,3,0.5,mixed sign
ssp585,SSP5-8.5,39.375,115.125,0.1879492263685676,3,0.5,mixed sign
ssp585,SSP5-8.5,39.375,115.375,0.1643545177870455,3,0.5,mixed sign
ssp585,SSP5-8.5,39.375,115.625,0.1561945975470591,3,0.5,mixed sign
ssp585,SSP5-8.5,39.375,115.875,0.1447140886618623,3,0.5,mixed sign
ssp585,SSP5-8.5,39.375,116.125,0.1447140886619631,3,0.5,mixed sign
ssp585,SSP5-8.5,39.375,116.375,0.144714088661984,3,0.5,mixed sign
ssp585,SSP5-8.5,39.375,116.625,0.0914298512053011,3,0.5,mixed sign
ssp585,SSP5-8.5,39.375,116.875,-0.2365274937379411,3,0.5,mixed sign
ssp585,SSP5-8.5,39.375,117.125,-0.1914952685180726,3,0.5,mixed sign
ssp585,SSP5-8.5,39.375,117.375,-0.1914952685181143,3,0.5,mixed sign
ssp585,SSP5-8.5,39.375,117.625,-0.1914952685181827,3,0.5,mixed sign
ssp585,SSP5-8.5,39.375,117.875,-0.1914952685181055,3,0.5,mixed sign
ssp585,SSP5-8.5,39.375,118.125,-2.8506075437225284,4,0.6666666666666666,mixed sign
ssp585,SSP5-8.5,39.375,118.375,-2.767330314762552,4,0.6666666666666666,mixed sign
ssp585,SSP5-8.5,39.375,118.625,-2.80582224516332,5,0.8333333333333334,robust drying (>=5/6)
ssp585,SSP5-8.5,39.375,118.875,-5.000688880668628,5,0.8333333333333334,robust drying (>=5/6)
ssp585,SSP5-8.5,39.375,119.125,-5.000688880668532,5,0.8333333333333334,robust drying (>=5/6)
ssp585,SSP5-8.5,39.625,112.625,0.202468337177341,3,0.5,mixed sign
ssp585,SSP5-8.5,39.625,112.875,0.2024683371773481,3,0.5,mixed sign
ssp585,SSP5-8.5,39.625,113.125,0.2369127305749643,3,0.5,mixed sign
ssp585,SSP5-8.5,39.625,113.375,0.2483941970463632,3,0.5,mixed sign
ssp585,SSP5-8.5,39.625,113.625,0.2483941970464671,3,0.5,mixed sign
ssp585,SSP5-8.5,39.625,113.875,0.2577766808604174,3,0.5,mixed sign
ssp585,SSP5-8.5,39.625,114.125,0.2522623140167352,3,0.5,mixed sign
ssp585,SSP5-8.5,39.625,114.375,0.1888068095976427,3,0.5,mixed sign
ssp585,SSP5-8.5,39.625,114.625,0.1888068095975859,3,0.5,mixed sign
ssp585,SSP5-8.5,39.625,114.875,0.1888068095975188,3,0.5,mixed sign
ssp585,SSP5-8.5,39.625,115.125,0.1888068095975317,3,0.5,mixed sign
ssp585,SSP5-8.5,39.625,115.375,0.1651853893641428,3,0.5,mixed sign
ssp585,SSP5-8.5,39.625,115.625,0.1553926593443528,3,0.5,mixed sign
ssp585,SSP5-8.5,39.625,115.875,0.074235737163752,3,0.5,mixed sign
ssp585,SSP5-8.5,39.625,116.125,0.0744609579707082,3,0.5,mixed sign
ssp585,SSP5-8.5,39.625,116.375,0.0744609579706763,3,0.5,mixed sign
ssp585,SSP5-8.5,39.625,116.625,0.0209514989942332,3,0.5,mixed sign
ssp585,SSP5-8.5,39.625,116.875,-0.3489066897386774,3,0.5,mixed sign
ssp585,SSP5-8.5,39.625,117.125,-0.3447920519676988,3,0.5,mixed sign
ssp585,SSP5-8.5,39.625,117.375,-0.3443021896692084,3,0.5,mixed sign
ssp585,SSP5-8.5,39.625,117.625,-0.3443021896691751,3,0.5,mixed sign
ssp585,SSP5-8.5,39.625,117.875,-0.3447920519673808,3,0.5,mixed sign
ssp585,SSP5-8.5,39.625,118.125,-2.015493690089879,4,0.6666666666666666,mixed sign
ssp585,SSP5-8.5,39.625,118.375,-3.714107144842393,4,0.6666666666666666,mixed sign
ssp585,SSP5-8.5,39.625,118.625,-3.734896142981719,5,0.8333333333333334,robust drying (>=5/6)
ssp585,SSP5-8.5,39.625,118.875,-6.200913006221055,5,0.8333333333333334,robust drying (>=5/6)
ssp585,SSP5-8.5,39.625,119.125,-6.180124008081748,5,0.8333333333333334,robust drying (>=5/6)
ssp585,SSP5-8.5,39.875,112.875,0.2024683371772202,3,0.5,mixed sign
ssp585,SSP5-8.5,39.875,113.125,0.2369127304871077,3,0.5,mixed sign
ssp585,SSP5-8.5,39.875,113.375,0.2483941970463756,3,0.5,mixed sign
ssp585,SSP5-8.5,39.875,113.625,0.2483941970464964,3,0.5,mixed sign
ssp585,SSP5-8.5,39.875,113.875,0.2577766808903929,3,0.5,mixed sign
ssp585,SSP5-8.5,39.875,114.125,0.2522623138547928,3,0.5,mixed sign
ssp585,SSP5-8.5,39.875,114.375,0.1888068095975317,3,0.5,mixed sign
ssp585,SSP5-8.5,39.875,114.625,0.090051699738193,3,0.5,mixed sign
ssp585,SSP5-8.5,39.875,114.875,0.0900516997382006,3,0.5,mixed sign
ssp585,SSP5-8.5,39.875,115.125,0.0900516997381686,3,0.5,mixed sign
ssp585,SSP5-8.5,39.875,115.375,0.0900516997381402,3,0.5,mixed sign
ssp585,SSP5-8.5,39.875,115.625,0.0648620239731734,3,0.5,mixed sign
ssp585,SSP5-8.5,39.875,115.875,0.0396723482085441,3,0.5,mixed sign
ssp585,SSP5-8.5,39.875,116.125,0.0396723482088283,3,0.5,mixed sign
ssp585,SSP5-8.5,39.875,116.375,0.0396723482087586,3,0.5,mixed sign
ssp585,SSP5-8.5,39.875,116.625,-0.0136118906744877,3,0.5,mixed sign
ssp585,SSP5-8.5,39.875,116.875,-0.4032828951752283,3,0.5,mixed sign
ssp585,SSP5-8.5,39.875,117.125,-0.4199643309386649,3,0.5,mixed sign
ssp585,SSP5-8.5,39.875,117.375,-0.4199643309386018,3,0.5,mixed sign
ssp585,SSP5-8.5,39.875,117.625,-0.4199643309385923,3,0.5,mixed sign
ssp585,SSP5-8.5,39.875,117.875,-0.4199643309385927,3,0.5,mixed sign
ssp585,SSP5-8.5,39.875,118.125,-0.4719501849302296,4,0.6666666666666666,mixed sign
ssp585,SSP5-8.5,39.875,118.375,-0.5239360389219894,4,0.6666666666666666,mixed sign
ssp585,SSP5-8.5,39.875,118.625,-0.8569620193568808,5,0.8333333333333334,robust drying (>=5/6)
ssp585,SSP5-8.5,39.875,118.875,-3.32564875500125,5,0.8333333333333334,robust drying (>=5/6)
ssp585,SSP5-8.5,39.875,119.125,-3.325648755001346,5,0.8333333333333334,robust drying (>=5/6)
ssp585,SSP5-8.5,39.875,119.375,-6.234330774606591,5,0.8333333333333334,robust drying (>=5/6)
ssp585,SSP5-8.5,40.125,112.875,0.2024683371773521,3,0.5,mixed sign
ssp585,SSP5-8.5,40.125,113.125,0.2369127303987401,3,0.5,mixed sign
ssp585,SSP5-8.5,40.125,113.375,0.2483941970464085,3,0.5,mixed sign
ssp585,SSP5-8.5,40.125,113.625,0.2483941970464969,3,0.5,mixed sign
ssp585,SSP5-8.5,40.125,113.875,0.2577766809204325,3,0.5,mixed sign
ssp585,SSP5-8.5,40.125,114.125,0.2522623136923414,3,0.5,mixed sign
ssp585,SSP5-8.5,40.125,114.375,0.1888068095975947,3,0.5,mixed sign
ssp585,SSP5-8.5,40.125,114.625,0.0900516997380371,3,0.5,mixed sign
ssp585,SSP5-8.5,40.125,114.875,0.0900516997381402,3,0.5,mixed sign
ssp585,SSP5-8.5,40.125,115.125,0.0900516997383498,3,0.5,mixed sign
ssp585,SSP5-8.5,40.125,115.375,0.0900516997384492,3,0.5,mixed sign
ssp585,SSP5-8.5,40.125,115.625,0.0648620239733834,3,0.5,mixed sign
ssp585,SSP5-8.5,40.125,115.875,0.0396723482087835,3,0.5,mixed sign
ssp585,SSP5-8.5,40.125,116.125,0.0396723482086756,3,0.5,mixed sign
ssp585,SSP5-8.5,40.125,116.375,0.03967234820868,3,0.5,mixed sign
ssp585,SSP5-8.5,40.125,116.625,-0.0136118913898164,3,0.5,mixed sign
ssp585,SSP5-8.5,40.125,116.875,-0.4032828951749867,3,0.5,mixed sign
ssp585,SSP5-8.5,40.125,117.125,-0.4199643309386431,3,0.5,mixed sign
ssp585,SSP5-8.5,40.125,117.375,-0.4199643309385346,3,0.5,mixed sign
ssp585,SSP5-8.5,40.125,117.625,-0.4199643309385354,3,0.5,mixed sign
ssp585,SSP5-8.5,40.125,117.875,-0.419964330938636,3,0.5,mixed sign
ssp585,SSP5-8.5,40.125,118.125,-0.4719501849302376,4,0.6666666666666666,mixed sign
ssp585,SSP5-8.5,40.125,118.375,-0.5239360389219714,4,0.6666666666666666,mixed sign
ssp585,SSP5-8.5,40.125,118.625,-0.8569620256682928,5,0.8333333333333334,robust drying (>=5/6)
ssp585,SSP5-8.5,40.125,118.875,-3.325648755001401,5,0.8333333333333334,robust drying (>=5/6)
ssp585,SSP5-8.5,40.125,119.125,-3.325648755001346,5,0.8333333333333334,robust drying (>=5/6)
ssp585,SSP5-8.5,40.125,119.375,-6.23433077460638,5,0.8333333333333334,robust drying (>=5/6)
ssp585,SSP5-8.5,40.375,113.125,0.2724144314628258,3,0.5,mixed sign
ssp585,SSP5-8.5,40.375,113.375,0.2835069172126963,3,0.5,mixed sign
ssp585,SSP5-8.5,40.375,113.625,0.2835069172125097,3,0.5,mixed sign
ssp585,SSP5-8.5,40.375,113.875,0.2928894011166993,3,0.5,mixed sign
ssp585,SSP5-8.5,40.375,114.125,0.3060265705607436,3,0.5,mixed sign
ssp585,SSP5-8.5,40.375,114.375,0.199289286211231,3,0.5,mixed sign
ssp585,SSP5-8.5,40.375,114.625,0.0900516997381499,3,0.5,mixed sign
ssp585,SSP5-8.5,40.375,114.875,0.0900516997382752,3,0.5,mixed sign
ssp585,SSP5-8.5,40.375,115.125,0.0900516997381708,3,0.5,mixed sign
ssp585,SSP5-8.5,40.375,115.375,0.0900516997383604,3,0.5,mixed sign
ssp585,SSP5-8.5,40.375,115.625,0.0648620239735677,3,0.5,mixed sign
ssp585,SSP5-8.5,40.375,115.875,0.0396723482088439,3,0.5,mixed sign
ssp585,SSP5-8.5,40.375,116.125,0.0396723482087146,3,0.5,mixed sign
ssp585,SSP5-8.5,40.375,116.375,0.0396723482085654,3,0.5,mixed sign
ssp585,SSP5-8.5,40.375,116.625,-0.01361189210618,3,0.5,mixed sign
ssp585,SSP5-8.5,40.375,116.875,-0.4032828951747558,3,0.5,mixed sign
ssp585,SSP5-8.5,40.375,117.125,-0.4199643309386056,3,0.5,mixed sign
ssp585,SSP5-8.5,40.375,117.375,-0.4199643309383467,3,0.5,mixed sign
ssp585,SSP5-8.5,40.375,117.625,-0.4199643309384604,3,0.5,mixed sign
ssp585,SSP5-8.5,40.375,117.875,-0.4199643309386005,3,0.5,mixed sign
ssp585,SSP5-8.5,40.375,118.125,-0.4719501849303242,4,0.6666666666666666,mixed sign
ssp585,SSP5-8.5,40.375,118.375,-0.5239360389220356,4,0.6666666666666666,mixed sign
ssp585,SSP5-8.5,40.375,118.625,-0.5239360389219894,5,0.8333333333333334,robust drying (>=5/6)
ssp585,SSP5-8.5,40.375,118.875,-1.6580874094105231,5,0.8333333333333334,robust drying (>=5/6)
ssp585,SSP5-8.5,40.375,119.125,-1.6652347679652646,5,0.8333333333333334,robust drying (>=5/6)
ssp585,SSP5-8.5,40.625,113.625,0.3639451712241308,3,0.5,mixed sign
ssp585,SSP5-8.5,40.625,113.875,0.3733276551581712,3,0.5,mixed sign
ssp585,SSP5-8.5,40.625,114.125,0.3589488867762092,3,0.5,mixed sign
ssp585,SSP5-8.5,40.625,114.375,0.2689001864348936,3,0.5,mixed sign
ssp585,SSP5-8.5,40.625,114.875,0.2689001864349558,3,0.5,mixed sign
ssp585,SSP5-8.5,40.625,115.125,0.2689001864349327,3,0.5,mixed sign
ssp585,SSP5-8.5,40.625,115.375,0.3927982356481116,3,0.5,mixed sign
ssp585,SSP5-8.5,40.625,115.625,0.3063529923149728,3,0.5,mixed sign
ssp585,SSP5-8.5,40.625,115.875,0.0967154112117123,3,0.5,mixed sign
ssp585,SSP5-8.5,40.625,116.125,0.0965788784879895,3,0.5,mixed sign
ssp585,SSP5-8.5,40.625,116.375,0.0965788784878434,3,0.5,mixed sign
ssp585,SSP5-8.5,40.625,116.625,0.0434311701794003,3,0.5,mixed sign
ssp585,SSP5-8.5,40.625,116.875,-0.3263419161599943,3,0.5,mixed sign
ssp585,SSP5-8.5,40.625,117.125,-0.3236302099504702,3,0.5,mixed sign
ssp585,SSP5-8.5,40.625,117.375,-0.3238607786142886,3,0.5,mixed sign
ssp585,SSP5-8.5,40.625,117.625,-0.3238607786140914,3,0.5,mixed sign
ssp585,SSP5-8.5,40.625,117.875,-0.3236302099509658,3,0.5,mixed sign
ssp585,SSP5-8.5,40.625,118.125,-0.3776455913831296,3,0.5,mixed sign
ssp585,SSP5-8.5,40.625,118.375,-0.4322796736876573,4,0.6666666666666666,mixed sign
ssp585,SSP5-8.5,40.625,118.625,-0.4324990607091952,4,0.6666666666666666,mixed sign
ssp585,SSP5-8.5,40.625,118.875,-0.4324990607086305,4,0.6666666666666666,mixed sign
ssp585,SSP5-8.5,40.625,119.125,-0.4322796736877308,4,0.6666666666666666,mixed sign
ssp585,SSP5-8.5,40.875,113.875,0.3733276551883393,3,0.5,mixed sign
ssp585,SSP5-8.5,40.875,114.125,0.3589488865453325,3,0.5,mixed sign
ssp585,SSP5-8.5,40.875,114.875,0.2689001864349327,3,0.5,mixed sign
ssp585,SSP5-8.5,40.875,115.125,0.2689001864350429,3,0.5,mixed sign
ssp585,SSP5-8.5,40.875,115.375,0.3927982353299422,3,0.5,mixed sign
ssp585,SSP5-8.5,40.875,115.625,0.331845431277662,3,0.5,mixed sign
ssp585,SSP5-8.5,40.875,115.875,0.1029302761596469,3,0.5,mixed sign
ssp585,SSP5-8.5,40.875,116.125,0.1029302761597188,3,0.5,mixed sign
ssp585,SSP5-8.5,40.875,116.375,0.102930276159856,3,0.5,mixed sign
ssp585,SSP5-8.5,40.875,116.625,0.0496460344094065,3,0.5,mixed sign
ssp585,SSP5-8.5,40.875,116.875,-0.3182407473774351,3,0.5,mixed sign
ssp585,SSP5-8.5,40.875,117.125,-0.3131379632944262,3,0.5,mixed sign
ssp585,SSP5-8.5,40.875,117.375,-0.3131379632946462,3,0.5,mixed sign
ssp585,SSP5-8.5,40.875,117.625,-0.3131379632947777,3,0.5,mixed sign
ssp585,SSP5-8.5,40.875,117.875,-0.3131379632946462,3,0.5,mixed sign
ssp585,SSP5-8.5,40.875,118.125,-0.3677141324969939,3,0.5,mixed sign
ssp585,SSP5-8.5,40.875,118.375,-0.4222903016989161,3,0.5,mixed sign
ssp585,SSP5-8.5,40.875,118.625,-0.4222903016991239,3,0.5,mixed sign
ssp585,SSP5-8.5,40.875,118.875,-0.4222903016991239,3,0.5,mixed sign
ssp585,SSP5-8.5,40.875,119.125,-0.4222903016991239,3,0.5,mixed sign
ssp585,SSP5-8.5,41.125,116.375,0.1029302761597783,3,0.5,mixed sign
ssp585,SSP5-8.5,41.125,116.625,0.0496460336901498,3,0.5,mixed sign
ssp585,SSP5-8.5,41.125,116.875,-0.3182407473775506,3,0.5,mixed sign
ssp585,SSP5-8.5,41.125,117.125,-0.3131379632948026,3,0.5,mixed sign
ssp585,SSP5-8.5,41.125,117.375,-0.3131379632946365,3,0.5,mixed sign
ssp585,SSP5-8.5,41.125,117.625,-0.3131379632946462,3,0.5,mixed sign
ssp585,SSP5-8.5,41.125,117.875,-0.3131379632950903,3,0.5,mixed sign
ssp585,SSP5-8.5,41.375,116.125,0.0743262302538632,3,0.5,mixed sign
ssp585,SSP5-8.5,41.375,116.375,0.0743262302537912,3,0.5,mixed sign
ssp585,SSP5-8.5,41.375,116.625,0.0205651593910858,3,0.5,mixed sign
ssp585,SSP5-8.5,41.375,116.875,-0.3341683280182279,3,0.5,mixed sign
ssp585,SSP5-8.5,41.375,117.125,-0.3152097865344936,3,0.5,mixed sign
ssp585,SSP5-8.5,41.375,117.375,-0.3151757412210518,3,0.5,mixed sign
ssp585,SSP5-8.5,41.375,117.625,-0.3151757412212437,3,0.5,mixed sign
ssp585,SSP5-8.5,41.375,117.875,-0.3152097865344327,3,0.5,mixed sign
ssp585,SSP5-8.5,41.625,116.125,-0.1176145351192268,4,0.6666666666666666,mixed sign
ssp585,SSP5-8.5,41.625,116.375,-0.117614535119138,4,0.6666666666666666,mixed sign
ssp585,SSP5-8.5,41.625,116.625,-0.1708987790295593,4,0.6666666666666666,mixed sign
ssp585,SSP5-8.5,41.625,116.875,-0.4363865669426758,4,0.6666666666666666,mixed sign
ssp585,SSP5-8.5,41.625,117.125,-0.3288847911460426,3,0.5,mixed sign
ssp585,SSP5-8.5,41.625,117.375,-0.3288847911460348,3,0.5,mixed sign
ssp585,SSP5-8.5,41.625,117.625,-0.3288847911459185,3,0.5,mixed sign
ssp585,SSP5-8.5,41.625,117.875,-0.3288847911461066,3,0.5,mixed sign
ssp585,SSP5-8.5,41.875,116.125,-0.1156974666060596,4,0.6666666666666666,mixed sign
ssp585,SSP5-8.5,41.875,116.375,-0.1156686532016205,4,0.6666666666666666,mixed sign
ssp585,SSP5-8.5,41.875,116.625,-0.1389119458879325,4,0.6666666666666666,mixed sign
ssp585,SSP5-8.5,41.875,116.875,-0.1970318523185102,4,0.6666666666666666,mixed sign
ssp585,SSP5-8.5,41.875,117.125,-0.0937259123731466,3,0.5,mixed sign
ssp585,SSP5-8.5,41.875,117.375,-0.0969890910277632,3,0.5,mixed sign
ssp585,SSP5-8.5,42.125,116.125,-0.1140723968586208,3,0.5,mixed sign
ssp585,SSP5-8.5,42.125,116.375,-0.1140723968583259,3,0.5,mixed sign
ssp585,SSP5-8.5,42.125,116.625,-0.1140723968583632,3,0.5,mixed sign
ssp585,SSP5-8.5,42.125,116.875,-0.0065706210617513,3,0.5,mixed sign
ssp585,SSP5-8.5,42.125,117.125,0.1009311547351714,3,0.5,mixed sign
ssp585,SSP5-8.5,42.125,117.375,0.1009311547347699,3,0.5,mixed sign
ssp585,SSP5-8.5,42.375,116.375,-0.0360677782640861,3,0.5,mixed sign
ssp585,SSP5-8.5,42.375,116.625,-0.0355969908783837,3,0.5,mixed sign
ssp585,SSP5-8.5,42.375,116.875,-0.0341813557976653,3,0.5,mixed sign
